date,open,close,high,low,涨跌幅,涨跌额,volume,成交额,振幅,换手率,ma50,ma200
2026-01-14 13:25:00,6.06,6.06,6.07,6.05,0.17,0.01,1064.0,645101.0,0.33,0.02,,
2026-01-14 13:30:00,6.07,6.07,6.07,6.05,0.17,0.01,985.0,597266.0,0.33,0.02,,
2026-01-14 13:35:00,6.07,6.06,6.07,6.06,-0.16,-0.01,1220.0,739911.0,0.16,0.02,,
2026-01-14 13:40:00,6.07,6.07,6.08,6.06,0.17,0.01,1186.0,720343.0,0.33,0.02,,
2026-01-14 13:45:00,6.08,6.08,6.08,6.07,0.16,0.01,1049.0,637464.0,0.16,0.02,,
2026-01-14 13:50:00,6.08,6.06,6.08,6.06,-0.33,-0.02,1622.0,984474.0,0.33,0.03,,
2026-01-14 13:55:00,6.07,6.07,6.07,6.06,0.17,0.01,967.0,586842.0,0.17,0.02,,
2026-01-14 14:00:00,6.07,6.03,6.07,6.03,-0.66,-0.04,3736.0,2261413.0,0.66,0.07,,
2026-01-14 14:05:00,6.03,6.03,6.04,6.02,0.0,0.0,1668.0,1005769.0,0.33,0.03,,
2026-01-14 14:10:00,6.03,6.03,6.04,6.02,0.0,0.0,2761.0,1663515.0,0.33,0.05,,
2026-01-14 14:15:00,6.03,6.04,6.04,6.03,0.17,0.01,906.0,546657.0,0.17,0.02,,
2026-01-14 14:20:00,6.04,6.04,6.05,6.04,0.0,0.0,703.0,424777.0,0.17,0.01,,
2026-01-14 14:25:00,6.04,6.04,6.05,6.04,0.0,0.0,180.0,108745.0,0.17,0.0,,
2026-01-14 14:30:00,6.04,6.06,6.07,6.04,0.33,0.02,2944.0,1783665.0,0.5,0.05,,
2026-01-14 14:35:00,6.07,6.07,6.07,6.06,0.17,0.01,1565.0,949624.0,0.17,0.03,,
2026-01-14 14:40:00,6.06,6.04,6.06,6.04,-0.49,-0.03,2771.0,1678472.0,0.33,0.05,,
2026-01-14 14:45:00,6.06,6.06,6.07,6.04,0.33,0.02,1398.0,847499.0,0.5,0.02,,
2026-01-14 14:50:00,6.07,6.07,6.07,6.06,0.17,0.01,975.0,591385.0,0.17,0.02,,
2026-01-14 14:55:00,6.06,6.06,6.07,6.05,-0.16,-0.01,1657.0,1004135.0,0.33,0.03,,
2026-01-14 15:00:00,6.05,6.07,6.07,6.05,0.17,0.01,1447.0,878151.0,0.33,0.03,,
2026-01-15 09:35:00,6.07,6.09,6.09,6.04,0.33,0.02,3840.0,2332221.0,0.82,0.07,,
2026-01-15 09:40:00,6.08,6.07,6.09,6.06,-0.33,-0.02,2350.0,1428029.0,0.49,0.04,,
2026-01-15 09:45:00,6.07,6.07,6.08,6.06,0.0,0.0,2239.0,1358566.0,0.33,0.04,,
2026-01-15 09:50:00,6.08,6.08,6.08,6.07,0.16,0.01,1074.0,652876.0,0.16,0.02,,
2026-01-15 09:55:00,6.07,6.07,6.08,6.06,-0.16,-0.01,651.0,394990.0,0.33,0.01,,
2026-01-15 10:00:00,6.07,6.07,6.08,6.06,0.0,0.0,1236.0,750197.0,0.33,0.02,,
2026-01-15 10:05:00,6.08,6.06,6.08,6.06,-0.16,-0.01,964.0,585195.0,0.33,0.02,,
2026-01-15 10:10:00,6.06,6.06,6.07,6.06,0.0,0.0,306.0,185551.0,0.17,0.01,,
2026-01-15 10:15:00,6.06,6.06,6.07,6.06,0.0,0.0,427.0,258808.0,0.17,0.01,,
2026-01-15 10:20:00,6.06,6.06,6.07,6.05,0.0,0.0,691.0,418707.0,0.33,0.01,,
2026-01-15 10:25:00,6.05,6.05,6.06,6.05,-0.17,-0.01,605.0,366036.0,0.17,0.01,,
2026-01-15 10:30:00,6.05,6.05,6.06,6.05,0.0,0.0,625.0,378356.0,0.17,0.01,,
2026-01-15 10:35:00,6.05,6.05,6.06,6.05,0.0,0.0,268.0,162159.0,0.17,0.0,,
2026-01-15 10:40:00,6.05,6.06,6.06,6.05,0.17,0.01,420.0,254367.0,0.17,0.01,,
2026-01-15 10:45:00,6.06,6.05,6.06,6.05,-0.17,-0.01,108.0,65394.0,0.17,0.0,,
2026-01-15 10:50:00,6.06,6.05,6.06,6.05,0.0,0.0,203.0,122825.0,0.17,0.0,,
2026-01-15 10:55:00,6.05,6.05,6.06,6.05,0.0,0.0,48.0,29051.0,0.17,0.0,,
2026-01-15 11:00:00,6.05,6.04,6.06,6.04,-0.17,-0.01,948.0,573540.0,0.33,0.02,,
2026-01-15 11:05:00,6.05,6.04,6.05,6.03,0.0,0.0,2237.0,1350609.0,0.33,0.04,,
2026-01-15 11:10:00,6.03,6.02,6.04,6.0,-0.33,-0.02,4579.0,2755787.0,0.66,0.08,,
2026-01-15 11:15:00,6.02,6.02,6.03,6.01,0.0,0.0,1068.0,642822.0,0.33,0.02,,
2026-01-15 11:20:00,6.01,6.01,6.03,6.01,-0.17,-0.01,542.0,326009.0,0.33,0.01,,
2026-01-15 11:25:00,6.01,6.01,6.03,6.01,0.0,0.0,387.0,232842.0,0.33,0.01,,
2026-01-15 11:30:00,6.02,6.01,6.02,6.0,0.0,0.0,1807.0,1085939.0,0.33,0.03,,
2026-01-15 13:05:00,6.01,6.03,6.03,6.01,0.33,0.02,1240.0,746246.0,0.33,0.02,,
2026-01-15 13:10:00,6.02,6.02,6.03,6.01,-0.17,-0.01,544.0,327491.0,0.33,0.01,,
2026-01-15 13:15:00,6.03,6.04,6.04,6.03,0.33,0.02,786.0,473980.0,0.17,0.01,,
2026-01-15 13:20:00,6.04,6.03,6.04,6.02,-0.17,-0.01,285.0,171850.0,0.33,0.01,,
2026-01-15 13:25:00,6.03,6.03,6.03,6.02,0.0,0.0,229.0,137902.0,0.17,0.0,,
2026-01-15 13:30:00,6.03,6.04,6.04,6.02,0.17,0.01,934.0,563162.0,0.33,0.02,6.05,
2026-01-15 13:35:00,6.02,6.02,6.04,6.02,-0.33,-0.02,217.0,130886.0,0.33,0.0,6.0492,
2026-01-15 13:40:00,6.02,6.04,6.04,6.02,0.33,0.02,96.0,57868.0,0.33,0.0,6.0486,
2026-01-15 13:45:00,6.04,6.02,6.04,6.02,-0.33,-0.02,570.0,343634.0,0.33,0.01,6.0478,
2026-01-15 13:50:00,6.03,6.03,6.04,6.02,0.17,0.01,595.0,358932.0,0.33,0.01,6.047000000000001,
2026-01-15 13:55:00,6.04,6.04,6.04,6.03,0.17,0.01,312.0,188362.0,0.17,0.01,6.0462,
2026-01-15 14:00:00,6.03,6.04,6.04,6.03,0.0,0.0,128.0,77274.0,0.17,0.0,6.045800000000001,
2026-01-15 14:05:00,6.03,6.04,6.04,6.03,0.0,0.0,56.0,33810.0,0.17,0.0,6.0451999999999995,
2026-01-15 14:10:00,6.04,6.03,6.04,6.03,-0.17,-0.01,586.0,353870.0,0.17,0.01,6.0451999999999995,
2026-01-15 14:15:00,6.03,6.03,6.04,6.03,0.0,0.0,162.0,97692.0,0.17,0.0,6.045200000000001,
2026-01-15 14:20:00,6.04,6.02,6.04,6.02,-0.17,-0.01,1090.0,657358.0,0.33,0.02,6.045,
2026-01-15 14:25:00,6.03,6.03,6.03,6.02,0.17,0.01,476.0,287089.0,0.17,0.01,6.044799999999999,
2026-01-15 14:30:00,6.03,6.03,6.04,6.03,0.0,0.0,460.0,277731.0,0.17,0.01,6.0446,
2026-01-15 14:35:00,6.03,6.04,6.04,6.03,0.17,0.01,1117.0,674524.0,0.17,0.02,6.0446,
2026-01-15 14:40:00,6.03,6.04,6.04,6.03,0.0,0.0,1036.0,625517.0,0.17,0.02,6.0442,
2026-01-15 14:45:00,6.04,6.04,6.05,6.03,0.0,0.0,427.0,257889.0,0.33,0.01,6.0436000000000005,
2026-01-15 14:50:00,6.04,6.03,6.04,6.03,-0.17,-0.01,902.0,544309.0,0.17,0.02,6.043399999999999,
2026-01-15 14:55:00,6.04,6.02,6.04,6.02,-0.17,-0.01,1877.0,1131867.0,0.33,0.03,6.0426,
2026-01-15 15:00:00,6.03,6.03,6.03,6.02,0.17,0.01,1109.0,668320.0,0.17,0.02,6.041799999999999,
2026-01-16 09:35:00,6.03,6.05,6.06,6.03,0.33,0.02,1628.0,984547.0,0.5,0.03,6.0416,
2026-01-16 09:40:00,6.04,6.01,6.04,6.01,-0.66,-0.04,2304.0,1389134.0,0.5,0.04,6.0404,
2026-01-16 09:45:00,6.02,6.01,6.03,6.01,0.0,0.0,593.0,356922.0,0.33,0.01,6.0388,
2026-01-16 09:50:00,6.02,6.03,6.03,6.02,0.33,0.02,946.0,569577.0,0.17,0.02,6.038,
2026-01-16 09:55:00,6.03,6.05,6.05,6.03,0.33,0.02,2261.0,1365033.0,0.33,0.04,6.0376,
2026-01-16 10:00:00,6.05,6.04,6.05,6.03,-0.17,-0.01,1114.0,672718.0,0.33,0.02,6.0367999999999995,
2026-01-16 10:05:00,6.03,6.05,6.05,6.03,0.17,0.01,2082.0,1255802.0,0.33,0.04,6.0363999999999995,
2026-01-16 10:10:00,6.05,6.03,6.05,6.03,-0.33,-0.02,1098.0,662564.0,0.33,0.02,6.0356,
2026-01-16 10:15:00,6.03,6.03,6.04,6.02,0.0,0.0,1176.0,709005.0,0.33,0.02,6.035,
2026-01-16 10:20:00,6.03,6.03,6.04,6.03,0.0,0.0,535.0,322661.0,0.17,0.01,6.0344,
2026-01-16 10:25:00,6.03,6.02,6.04,6.02,-0.17,-0.01,544.0,328016.0,0.33,0.01,6.0336,
2026-01-16 10:30:00,6.02,6.01,6.03,6.01,-0.17,-0.01,1327.0,798888.0,0.33,0.02,6.0325999999999995,
2026-01-16 10:35:00,6.01,6.02,6.02,6.01,0.17,0.01,1686.0,1013445.0,0.17,0.03,6.031999999999999,
2026-01-16 10:40:00,6.01,6.01,6.02,6.01,-0.17,-0.01,303.0,182392.0,0.17,0.01,6.0312,
2026-01-16 10:45:00,6.02,6.01,6.02,6.01,0.0,0.0,295.0,177437.0,0.17,0.01,6.030399999999999,
2026-01-16 10:50:00,6.01,6.01,6.02,6.01,0.0,0.0,1550.0,931757.0,0.17,0.03,6.029400000000001,
2026-01-16 10:55:00,6.02,6.01,6.02,6.01,0.0,0.0,874.0,526020.0,0.17,0.02,6.0286,
2026-01-16 11:00:00,6.02,6.02,6.02,6.01,0.17,0.01,2734.0,1643390.0,0.17,0.05,6.028,
2026-01-16 11:05:00,6.03,6.02,6.03,6.01,0.0,0.0,372.0,224021.0,0.33,0.01,6.027399999999999,
2026-01-16 11:10:00,6.02,6.02,6.03,6.02,0.0,0.0,589.0,354788.0,0.17,0.01,6.027,
2026-01-16 11:15:00,6.02,6.01,6.03,6.01,-0.17,-0.01,1233.0,741661.0,0.33,0.02,6.0264,
2026-01-16 11:20:00,6.02,6.01,6.02,6.01,0.0,0.0,341.0,205143.0,0.17,0.01,6.0262,
2026-01-16 11:25:00,6.02,6.01,6.02,6.01,0.0,0.0,151.0,90762.0,0.17,0.0,6.026,
2026-01-16 11:30:00,6.01,6.01,6.02,6.01,0.0,0.0,224.0,134669.0,0.17,0.0,6.025999999999999,
2026-01-16 13:05:00,6.01,6.01,6.02,6.01,0.0,0.0,552.0,331907.0,0.17,0.01,6.025999999999999,
2026-01-16 13:10:00,6.01,6.02,6.02,6.01,0.17,0.01,965.0,579988.0,0.17,0.02,6.0262,
2026-01-16 13:15:00,6.01,6.02,6.02,6.01,0.0,0.0,304.0,182718.0,0.17,0.01,6.026,
2026-01-16 13:20:00,6.02,6.0,6.02,6.0,-0.33,-0.02,2297.0,1378367.0,0.33,0.04,6.0256,
2026-01-16 13:25:00,6.0,6.0,6.01,5.99,0.0,0.0,2802.0,1681355.0,0.33,0.05,6.0248,
2026-01-16 13:30:00,6.0,6.01,6.01,6.0,0.17,0.01,233.0,139853.0,0.17,0.0,6.024399999999999,
2026-01-16 13:35:00,6.0,6.0,6.01,6.0,-0.17,-0.01,395.0,237015.0,0.17,0.01,6.0238,
2026-01-16 13:40:00,6.0,6.01,6.02,6.0,0.17,0.01,1193.0,717068.0,0.33,0.02,6.023199999999999,
2026-01-16 13:45:00,6.02,6.02,6.02,6.01,0.17,0.01,788.0,474367.0,0.17,0.01,6.0232,
2026-01-16 13:50:00,6.02,6.02,6.03,6.02,0.0,0.0,78.0,46957.0,0.17,0.0,6.0228,
2026-01-16 13:55:00,6.02,6.02,6.03,6.02,0.0,0.0,840.0,505787.0,0.17,0.01,6.0228,
2026-01-16 14:00:00,6.02,6.02,6.02,6.01,0.0,0.0,559.0,336452.0,0.17,0.01,6.0226,
2026-01-16 14:05:00,6.01,6.02,6.02,6.01,0.0,0.0,322.0,193832.0,0.17,0.01,6.022200000000001,
2026-01-16 14:10:00,6.02,6.01,6.03,6.01,-0.17,-0.01,376.0,226312.0,0.33,0.01,6.021599999999999,
2026-01-16 14:15:00,6.01,6.03,6.04,6.01,0.33,0.02,1818.0,1096614.0,0.5,0.03,6.0214,
2026-01-16 14:20:00,6.03,6.03,6.03,6.02,0.0,0.0,99.0,59616.0,0.17,0.0,6.0214,
2026-01-16 14:25:00,6.02,6.02,6.03,6.02,-0.17,-0.01,177.0,106620.0,0.17,0.0,6.0211999999999986,
2026-01-16 14:30:00,6.03,6.02,6.03,6.02,0.0,0.0,826.0,497270.0,0.17,0.01,6.0212,
2026-01-16 14:35:00,6.02,6.01,6.02,6.01,-0.17,-0.01,222.0,133560.0,0.17,0.0,6.0208,
2026-01-16 14:40:00,6.01,6.0,6.02,6.0,-0.17,-0.01,1576.0,947392.0,0.33,0.03,6.0202,
2026-01-16 14:45:00,6.01,6.01,6.02,6.0,0.17,0.01,1320.0,793682.0,0.33,0.02,6.0196,
2026-01-16 14:50:00,6.02,6.0,6.02,6.0,-0.17,-0.01,513.0,308426.0,0.33,0.01,6.0188,
2026-01-16 14:55:00,6.01,6.01,6.02,6.01,0.17,0.01,1206.0,724834.0,0.17,0.02,6.018199999999999,
2026-01-16 15:00:00,6.01,6.02,6.02,6.0,0.17,0.01,1069.0,642533.0,0.33,0.02,6.018000000000001,
2026-01-19 09:35:00,6.01,6.03,6.03,6.0,0.17,0.01,4865.0,2928006.0,0.5,0.09,6.018199999999999,
2026-01-19 09:40:00,6.03,6.03,6.04,6.02,0.0,0.0,2825.0,1703710.0,0.33,0.05,6.018199999999999,
2026-01-19 09:45:00,6.02,6.04,6.05,6.02,0.17,0.01,2636.0,1591916.0,0.5,0.05,6.018,
2026-01-19 09:50:00,6.05,6.06,6.07,6.04,0.33,0.02,5837.0,3533757.0,0.5,0.1,6.019,
2026-01-19 09:55:00,6.06,6.06,6.06,6.05,0.0,0.0,964.0,583846.0,0.17,0.02,6.02,
2026-01-19 10:00:00,6.05,6.06,6.07,6.05,0.0,0.0,2607.0,1579488.0,0.33,0.05,6.020599999999999,
2026-01-19 10:05:00,6.06,6.06,6.07,6.04,0.0,0.0,1888.0,1142216.0,0.5,0.03,6.0208,
2026-01-19 10:10:00,6.05,6.05,6.06,6.05,-0.17,-0.01,3049.0,1844929.0,0.17,0.05,6.021,
2026-01-19 10:15:00,6.05,6.06,6.06,6.05,0.17,0.01,1005.0,608527.0,0.17,0.02,6.0212,
2026-01-19 10:20:00,6.06,6.07,6.07,6.05,0.17,0.01,4210.0,2552303.0,0.33,0.07,6.022,
2026-01-19 10:25:00,6.06,6.07,6.07,6.06,0.0,0.0,1761.0,1067888.0,0.16,0.03,6.0228,
2026-01-19 10:30:00,6.07,6.08,6.08,6.06,0.16,0.01,2476.0,1503784.0,0.33,0.04,6.0238,
2026-01-19 10:35:00,6.07,6.08,6.08,6.07,0.0,0.0,1053.0,639765.0,0.16,0.02,6.025,
2026-01-19 10:40:00,6.08,6.08,6.08,6.07,0.0,0.0,1473.0,895028.0,0.16,0.03,6.0264,
2026-01-19 10:45:00,6.08,6.07,6.08,6.06,-0.16,-0.01,1003.0,608671.0,0.33,0.02,6.0274,
2026-01-19 10:50:00,6.07,6.07,6.07,6.06,0.0,0.0,132.0,80054.0,0.16,0.0,6.0286,
2026-01-19 10:55:00,6.07,6.08,6.08,6.06,0.16,0.01,1410.0,856323.0,0.33,0.02,6.03,
2026-01-19 11:00:00,6.08,6.07,6.08,6.07,-0.16,-0.01,1351.0,820708.0,0.16,0.02,6.031199999999999,
2026-01-19 11:05:00,6.07,6.07,6.08,6.05,0.0,0.0,4710.0,2857925.0,0.49,0.08,6.0324,
2026-01-19 11:10:00,6.07,6.07,6.07,6.06,0.0,0.0,367.0,222638.0,0.16,0.01,6.0334,
2026-01-19 11:15:00,6.07,6.07,6.08,6.07,0.0,0.0,1147.0,696432.0,0.16,0.02,6.034400000000001,
2026-01-19 11:20:00,6.08,6.07,6.08,6.06,0.0,0.0,828.0,503052.0,0.33,0.01,6.035399999999999,
2026-01-19 11:25:00,6.07,6.07,6.07,6.06,0.0,0.0,409.0,248261.0,0.16,0.01,6.0366,
2026-01-19 11:30:00,6.07,6.07,6.07,6.06,0.0,0.0,1068.0,648096.0,0.16,0.02,6.0378,
2026-01-19 13:05:00,6.07,6.09,6.09,6.07,0.33,0.02,3351.0,2037409.0,0.33,0.06,6.0394000000000005,
2026-01-19 13:10:00,6.08,6.09,6.09,6.08,0.0,0.0,342.0,208000.0,0.16,0.01,6.041,
2026-01-19 13:15:00,6.08,6.08,6.09,6.07,-0.16,-0.01,663.0,403095.0,0.33,0.01,6.0424,
2026-01-19 13:20:00,6.07,6.08,6.08,6.07,0.0,0.0,295.0,179076.0,0.16,0.01,6.0436000000000005,
2026-01-19 13:25:00,6.08,6.07,6.08,6.07,-0.16,-0.01,951.0,577725.0,0.16,0.02,6.0446,
2026-01-19 13:30:00,6.07,6.07,6.08,6.07,0.0,0.0,1553.0,943404.0,0.16,0.03,6.046,
2026-01-19 13:35:00,6.08,6.08,6.08,6.07,0.16,0.01,151.0,91732.0,0.16,0.0,6.0476,
2026-01-19 13:40:00,6.08,6.08,6.08,6.07,0.0,0.0,105.0,63786.0,0.16,0.0,6.0489999999999995,
2026-01-19 13:45:00,6.07,6.08,6.08,6.07,0.0,0.0,1089.0,661120.0,0.16,0.02,6.0506,
2026-01-19 13:50:00,6.08,6.08,6.08,6.07,0.0,0.0,360.0,218875.0,0.16,0.01,6.0520000000000005,
2026-01-19 13:55:00,6.07,6.07,6.08,6.07,-0.16,-0.01,495.0,300476.0,0.16,0.01,6.053,
2026-01-19 14:00:00,6.07,6.08,6.08,6.07,0.16,0.01,161.0,97867.0,0.16,0.0,6.0542,
2026-01-19 14:05:00,6.07,6.08,6.08,6.07,0.0,0.0,168.0,101978.0,0.16,0.0,6.055400000000001,
2026-01-19 14:10:00,6.08,6.08,6.08,6.07,0.0,0.0,166.0,100796.0,0.16,0.0,6.0565999999999995,
2026-01-19 14:15:00,6.08,6.07,6.08,6.07,-0.16,-0.01,1373.0,834729.0,0.16,0.02,6.0576,
2026-01-19 14:20:00,6.07,6.08,6.08,6.07,0.16,0.01,32.0,19449.0,0.16,0.0,6.059,
2026-01-19 14:25:00,6.07,6.07,6.08,6.07,-0.16,-0.01,205.0,124446.0,0.16,0.0,6.0598,
2026-01-19 14:30:00,6.07,6.08,6.08,6.07,0.16,0.01,960.0,583023.0,0.16,0.02,6.0608,
2026-01-19 14:35:00,6.07,6.08,6.08,6.07,0.0,0.0,348.0,211545.0,0.16,0.01,6.062,
2026-01-19 14:40:00,6.08,6.08,6.08,6.07,0.0,0.0,511.0,310391.0,0.16,0.01,6.063199999999999,
2026-01-19 14:45:00,6.07,6.08,6.08,6.07,0.0,0.0,3284.0,1996123.0,0.16,0.06,6.0646,
2026-01-19 14:50:00,6.08,6.08,6.08,6.07,0.0,0.0,4169.0,2534565.0,0.16,0.07,6.0662,
2026-01-19 14:55:00,6.08,6.08,6.08,6.07,0.0,0.0,2337.0,1420677.0,0.16,0.04,6.0676,
2026-01-19 15:00:00,6.08,6.09,6.09,6.07,0.16,0.01,7593.0,4618726.0,0.33,0.13,6.069400000000001,
2026-01-20 09:35:00,6.1,6.1,6.1,6.06,0.16,0.01,1737.0,1057530.0,0.66,0.03,6.0712,
2026-01-20 09:40:00,6.1,6.11,6.12,6.09,0.16,0.01,4917.0,3002195.0,0.49,0.09,6.0729999999999995,
2026-01-20 09:45:00,6.1,6.09,6.1,6.09,-0.33,-0.02,2017.0,1229927.0,0.16,0.04,6.074199999999999,
2026-01-20 09:50:00,6.09,6.1,6.11,6.09,0.16,0.01,1780.0,1086464.0,0.33,0.03,6.0756000000000006,
2026-01-20 09:55:00,6.1,6.1,6.11,6.1,0.0,0.0,1588.0,969521.0,0.16,0.03,6.0768,
2026-01-20 10:00:00,6.11,6.13,6.14,6.11,0.49,0.03,5858.0,3589143.0,0.49,0.1,6.078200000000001,
2026-01-20 10:05:00,6.14,6.13,6.14,6.12,0.0,0.0,3451.0,2116290.0,0.33,0.06,6.0796,
2026-01-20 10:10:00,6.13,6.13,6.14,6.12,0.0,0.0,2317.0,1421557.0,0.33,0.04,6.081,
2026-01-20 10:15:00,6.14,6.13,6.14,6.12,0.0,0.0,1515.0,928719.0,0.33,0.03,6.0824,
2026-01-20 10:20:00,6.13,6.11,6.13,6.11,-0.33,-0.02,1554.0,950812.0,0.33,0.03,6.083600000000001,
2026-01-20 10:25:00,6.12,6.1,6.13,6.1,-0.16,-0.01,3232.0,1976611.0,0.49,0.06,6.0844,
2026-01-20 10:30:00,6.11,6.11,6.11,6.1,0.16,0.01,533.0,325385.0,0.16,0.01,6.0851999999999995,
2026-01-20 10:35:00,6.1,6.11,6.11,6.09,0.0,0.0,2595.0,1583188.0,0.33,0.05,6.086,
2026-01-20 10:40:00,6.11,6.12,6.12,6.11,0.16,0.01,1295.0,791625.0,0.16,0.02,6.0868,
2026-01-20 10:45:00,6.11,6.11,6.12,6.11,-0.16,-0.01,846.0,516908.0,0.16,0.01,6.0874,
2026-01-20 10:50:00,6.1,6.11,6.12,6.1,0.0,0.0,323.0,197357.0,0.33,0.01,6.087999999999999,
2026-01-20 10:55:00,6.11,6.11,6.12,6.1,0.0,0.0,182.0,111203.0,0.33,0.0,6.0888,
2026-01-20 11:00:00,6.11,6.1,6.12,6.1,-0.16,-0.01,361.0,220529.0,0.33,0.01,6.0894,
2026-01-20 11:05:00,6.11,6.1,6.12,6.1,0.0,0.0,381.0,232811.0,0.33,0.01,6.0898,
2026-01-20 11:10:00,6.11,6.11,6.11,6.1,0.16,0.01,51.0,31151.0,0.16,0.0,6.0906,
2026-01-20 11:15:00,6.11,6.11,6.11,6.1,0.0,0.0,1388.0,847956.0,0.16,0.02,6.0914,
2026-01-20 11:20:00,6.11,6.12,6.12,6.1,0.16,0.01,424.0,259321.0,0.33,0.01,6.0924000000000005,
2026-01-20 11:25:00,6.12,6.11,6.12,6.11,-0.16,-0.01,331.0,202291.0,0.16,0.01,6.0931999999999995,
2026-01-20 11:30:00,6.11,6.1,6.12,6.1,-0.16,-0.01,1004.0,613581.0,0.33,0.02,6.0938,
2026-01-20 13:05:00,6.11,6.1,6.12,6.09,0.0,0.0,2877.0,1755221.0,0.49,0.05,6.0944,
2026-01-20 13:10:00,6.1,6.1,6.11,6.09,0.0,0.0,804.0,490323.0,0.33,0.01,6.095,
2026-01-20 13:15:00,6.1,6.1,6.11,6.09,0.0,0.0,1497.0,913058.0,0.33,0.03,6.0952,
2026-01-20 13:20:00,6.1,6.11,6.11,6.1,0.16,0.01,905.0,552083.0,0.16,0.02,6.095600000000001,
2026-01-20 13:25:00,6.1,6.11,6.11,6.1,0.0,0.0,416.0,253587.0,0.16,0.01,6.0962,
2026-01-20 13:30:00,6.1,6.11,6.11,6.1,0.0,0.0,1450.0,884617.0,0.16,0.03,6.096799999999999,
2026-01-20 13:35:00,6.11,6.11,6.11,6.1,0.0,0.0,1040.0,634535.0,0.16,0.02,6.0976,
2026-01-20 13:40:00,6.1,6.11,6.11,6.1,0.0,0.0,44.0,26871.0,0.16,0.0,6.098400000000001,
2026-01-20 13:45:00,6.11,6.11,6.11,6.1,0.0,0.0,108.0,65951.0,0.16,0.0,6.099,
2026-01-20 13:50:00,6.11,6.11,6.11,6.1,0.0,0.0,683.0,416715.0,0.16,0.01,6.099600000000001,
2026-01-20 13:55:00,6.11,6.11,6.11,6.1,0.0,0.0,1852.0,1131526.0,0.16,0.03,6.1002,
2026-01-20 14:00:00,6.11,6.11,6.11,6.1,0.0,0.0,420.0,256587.0,0.16,0.01,6.1008000000000004,6.0565
2026-01-20 14:05:00,6.1,6.11,6.11,6.1,0.0,0.0,267.0,162957.0,0.16,0.0,6.1015999999999995,6.056750000000001
2026-01-20 14:10:00,6.11,6.1,6.11,6.1,-0.16,-0.01,146.0,89175.0,0.16,0.0,6.102,6.0569
2026-01-20 14:15:00,6.11,6.11,6.12,6.1,0.16,0.01,501.0,306174.0,0.33,0.01,6.1026,6.057149999999999
2026-01-20 14:20:00,6.12,6.12,6.12,6.11,0.16,0.01,400.0,244738.0,0.16,0.01,6.103400000000001,6.0574
2026-01-20 14:25:00,6.12,6.12,6.12,6.11,0.0,0.0,696.0,425870.0,0.16,0.01,6.104400000000001,6.0576
2026-01-20 14:30:00,6.12,6.12,6.12,6.11,0.0,0.0,1032.0,631179.0,0.16,0.02,6.105200000000001,6.0579
2026-01-20 14:35:00,6.12,6.11,6.12,6.11,-0.16,-0.01,2020.0,1235141.0,0.16,0.04,6.106,6.0581
2026-01-20 14:40:00,6.11,6.11,6.12,6.1,0.0,0.0,1675.0,1023474.0,0.33,0.03,6.106599999999999,6.0585
2026-01-20 14:45:00,6.11,6.12,6.12,6.1,0.16,0.01,689.0,421324.0,0.33,0.01,6.1074,6.058949999999999
2026-01-20 14:50:00,6.12,6.12,6.12,6.11,0.0,0.0,1062.0,649815.0,0.16,0.02,6.1082,6.0594
2026-01-20 14:55:00,6.12,6.13,6.13,6.11,0.16,0.01,4046.0,2476118.0,0.33,0.07,6.1091999999999995,6.05985
2026-01-20 15:00:00,6.12,6.12,6.13,6.11,-0.16,-0.01,2599.0,1590428.0,0.33,0.05,6.11,6.06025
2026-01-21 09:35:00,6.11,6.08,6.11,6.07,-0.65,-0.04,5227.0,3183416.0,0.65,0.09,6.11,6.0604499999999994
2026-01-21 09:40:00,6.07,6.08,6.08,6.07,0.0,0.0,2141.0,1301173.0,0.16,0.04,6.1098,6.060549999999999
2026-01-21 09:45:00,6.08,6.08,6.09,6.08,0.0,0.0,1269.0,772125.0,0.16,0.02,6.109400000000001,6.060600000000001
2026-01-21 09:50:00,6.08,6.08,6.09,6.06,0.0,0.0,4331.0,2629745.0,0.49,0.08,6.1088,6.0608
2026-01-21 09:55:00,6.09,6.08,6.09,6.08,0.0,0.0,347.0,211190.0,0.16,0.01,6.1086,6.060899999999999
2026-01-21 10:00:00,6.08,6.09,6.09,6.07,0.16,0.01,4583.0,2786752.0,0.33,0.08,6.1084000000000005,6.061
2026-01-21 10:05:00,6.08,6.09,6.09,6.07,0.0,0.0,913.0,555508.0,0.33,0.02,6.108199999999999,6.0611500000000005
2026-01-21 10:10:00,6.09,6.08,6.09,6.07,-0.16,-0.01,1644.0,999661.0,0.33,0.03,6.107200000000001,6.0612
2026-01-21 10:15:00,6.09,6.09,6.09,6.08,0.16,0.01,194.0,118068.0,0.16,0.0,6.1064,6.0612
2026-01-21 10:20:00,6.09,6.08,6.09,6.07,-0.16,-0.01,2267.0,1377491.0,0.33,0.04,6.1053999999999995,6.06125
2026-01-21 10:25:00,6.08,6.08,6.09,6.08,0.0,0.0,1984.0,1206311.0,0.16,0.03,6.104400000000001,6.0613
2026-01-21 10:30:00,6.09,6.09,6.1,6.08,0.16,0.01,1689.0,1028525.0,0.33,0.03,6.104,6.06135
2026-01-21 10:35:00,6.09,6.08,6.1,6.08,-0.16,-0.01,405.0,246678.0,0.33,0.01,6.1036,6.0614
2026-01-21 10:40:00,6.09,6.1,6.1,6.08,0.33,0.02,3413.0,2080447.0,0.33,0.06,6.103400000000001,6.0615499999999995
2026-01-21 10:45:00,6.09,6.1,6.1,6.09,0.0,0.0,377.0,229918.0,0.16,0.01,6.103199999999999,6.061750000000001
2026-01-21 10:50:00,6.1,6.1,6.1,6.09,0.0,0.0,501.0,305143.0,0.16,0.01,6.102799999999999,6.0619499999999995
2026-01-21 10:55:00,6.1,6.09,6.1,6.09,-0.16,-0.01,357.0,217604.0,0.16,0.01,6.102399999999999,6.0621
2026-01-21 11:00:00,6.1,6.1,6.1,6.09,0.16,0.01,736.0,448596.0,0.16,0.01,6.1022,6.0623000000000005
2026-01-21 11:05:00,6.09,6.09,6.1,6.09,-0.16,-0.01,350.0,213169.0,0.16,0.01,6.101800000000001,6.0625
2026-01-21 11:10:00,6.1,6.09,6.1,6.08,0.0,0.0,1441.0,877510.0,0.33,0.03,6.1015999999999995,6.0626999999999995
2026-01-21 11:15:00,6.09,6.09,6.09,6.09,0.0,0.0,464.0,282637.0,0.0,0.01,6.1014,6.0629
2026-01-21 11:20:00,6.09,6.08,6.09,6.08,-0.16,-0.01,110.0,66932.0,0.16,0.0,6.1008000000000004,6.063
2026-01-21 11:25:00,6.08,6.08,6.09,6.08,0.0,0.0,183.0,111385.0,0.16,0.0,6.1002,6.06315
2026-01-21 11:30:00,6.09,6.09,6.09,6.08,0.16,0.01,448.0,272482.0,0.16,0.01,6.099599999999999,6.063350000000001
2026-01-21 13:05:00,6.08,6.09,6.09,6.08,0.0,0.0,920.0,559898.0,0.16,0.02,6.099200000000001,6.063549999999999
2026-01-21 13:10:00,6.09,6.09,6.09,6.08,0.0,0.0,99.0,60237.0,0.16,0.0,6.099,6.0638
2026-01-21 13:15:00,6.09,6.08,6.09,6.08,-0.16,-0.01,151.0,91857.0,0.16,0.0,6.0986,6.064
2026-01-21 13:20:00,6.08,6.08,6.09,6.08,0.0,0.0,307.0,186771.0,0.16,0.01,6.0982,6.064299999999999
2026-01-21 13:25:00,6.08,6.07,6.09,6.07,-0.16,-0.01,2396.0,1455857.0,0.33,0.04,6.0976,6.0645500000000006
2026-01-21 13:30:00,6.07,6.07,6.08,6.07,0.0,0.0,736.0,447285.0,0.16,0.01,6.096799999999999,6.06485
2026-01-21 13:35:00,6.08,6.07,6.08,6.07,0.0,0.0,942.0,572370.0,0.16,0.02,6.096,6.06515
2026-01-21 13:40:00,6.07,6.08,6.08,6.07,0.16,0.01,394.0,239434.0,0.16,0.01,6.0954,6.065500000000001
2026-01-21 13:45:00,6.08,6.09,6.09,6.08,0.16,0.01,1959.0,1192688.0,0.16,0.03,6.095,6.0658
2026-01-21 13:50:00,6.08,6.09,6.1,6.08,0.0,0.0,415.0,252611.0,0.33,0.01,6.094599999999999,6.06615
2026-01-21 13:55:00,6.1,6.1,6.1,6.09,0.16,0.01,285.0,173649.0,0.16,0.01,6.0944,6.06645
2026-01-21 14:00:00,6.09,6.1,6.1,6.09,0.0,0.0,546.0,332841.0,0.16,0.01,6.094200000000001,6.0668
2026-01-21 14:05:00,6.09,6.09,6.1,6.09,-0.16,-0.01,398.0,242572.0,0.16,0.01,6.0938,6.067099999999999
2026-01-21 14:10:00,6.1,6.1,6.1,6.09,0.16,0.01,2382.0,1450863.0,0.16,0.04,6.0936,6.0674
2026-01-21 14:15:00,6.09,6.1,6.1,6.09,0.0,0.0,1207.0,735929.0,0.16,0.02,6.0934,6.0678
2026-01-21 14:20:00,6.1,6.09,6.1,6.09,-0.16,-0.01,644.0,392350.0,0.16,0.01,6.0932,6.06805
2026-01-21 14:25:00,6.09,6.09,6.1,6.09,0.0,0.0,1942.0,1182758.0,0.16,0.03,6.0927999999999995,6.0684000000000005
2026-01-21 14:30:00,6.09,6.08,6.09,6.08,-0.16,-0.01,1774.0,1079777.0,0.16,0.03,6.092,6.06865
2026-01-21 14:35:00,6.09,6.08,6.09,6.08,0.0,0.0,3129.0,1902186.0,0.16,0.05,6.0912,6.06885
2026-01-21 14:40:00,6.09,6.09,6.09,6.08,0.16,0.01,969.0,589575.0,0.16,0.02,6.090599999999999,6.0691
2026-01-21 14:45:00,6.08,6.09,6.09,6.08,0.0,0.0,2047.0,1244711.0,0.16,0.04,6.090199999999999,6.069349999999999
2026-01-21 14:50:00,6.08,6.09,6.09,6.07,0.0,0.0,2129.0,1293978.0,0.33,0.04,6.0898,6.06965
2026-01-21 14:55:00,6.08,6.09,6.1,6.08,0.0,0.0,4698.0,2860650.0,0.33,0.08,6.0892,6.06995
2026-01-21 15:00:00,6.09,6.09,6.1,6.08,0.0,0.0,2682.0,1633362.0,0.33,0.05,6.0886000000000005,6.0703
2026-01-22 09:35:00,6.1,6.1,6.11,6.08,0.16,0.01,2002.0,1220382.0,0.49,0.04,6.087999999999999,6.0706500000000005
2026-01-22 09:40:00,6.1,6.1,6.1,6.08,0.0,0.0,2006.0,1222185.0,0.33,0.04,6.0876,6.071000000000001
2026-01-22 09:45:00,6.1,6.09,6.11,6.09,-0.16,-0.01,2652.0,1616727.0,0.33,0.05,6.0878,6.07125
2026-01-22 09:50:00,6.1,6.1,6.1,6.09,0.16,0.01,1509.0,919138.0,0.16,0.03,6.0882,6.071549999999999
2026-01-22 09:55:00,6.1,6.09,6.1,6.09,-0.16,-0.01,2289.0,1394706.0,0.16,0.04,6.088399999999999,6.0718
2026-01-22 10:00:00,6.1,6.1,6.1,6.09,0.16,0.01,2528.0,1541209.0,0.16,0.04,6.0888,6.072150000000001
2026-01-22 10:05:00,6.11,6.12,6.12,6.1,0.33,0.02,7321.0,4469617.0,0.33,0.13,6.089600000000001,6.072649999999999
2026-01-22 10:10:00,6.12,6.13,6.13,6.11,0.16,0.01,4657.0,2851773.0,0.33,0.08,6.0904,6.073150000000001
2026-01-22 10:15:00,6.12,6.12,6.13,6.11,-0.16,-0.01,1807.0,1105948.0,0.33,0.03,6.091,6.0735
2026-01-22 10:20:00,6.12,6.13,6.13,6.11,0.16,0.01,3066.0,1876444.0,0.33,0.05,6.092,6.0741
2026-01-22 10:25:00,6.13,6.13,6.14,6.12,0.0,0.0,2799.0,1716115.0,0.33,0.05,6.0927999999999995,6.074699999999999
2026-01-22 10:30:00,6.13,6.12,6.14,6.12,-0.16,-0.01,3885.0,2381850.0,0.33,0.07,6.0936,6.07515
2026-01-22 10:35:00,6.13,6.12,6.14,6.12,0.0,0.0,1657.0,1015697.0,0.33,0.03,6.094399999999999,6.0755
2026-01-22 10:40:00,6.13,6.12,6.14,6.12,0.0,0.0,2453.0,1503485.0,0.33,0.04,6.095,6.075900000000001
2026-01-22 10:45:00,6.12,6.13,6.13,6.12,0.16,0.01,789.0,483112.0,0.16,0.01,6.096,6.0763
2026-01-22 10:50:00,6.13,6.12,6.13,6.12,-0.16,-0.01,565.0,346010.0,0.16,0.01,6.0964,6.0767500000000005
2026-01-22 10:55:00,6.12,6.13,6.13,6.12,0.16,0.01,1028.0,629658.0,0.16,0.02,6.097,6.07725
2026-01-22 11:00:00,6.12,6.13,6.13,6.12,0.0,0.0,661.0,404693.0,0.16,0.01,6.0976,6.07775
2026-01-22 11:05:00,6.12,6.12,6.13,6.11,-0.16,-0.01,788.0,482228.0,0.33,0.01,6.0982,6.07825
2026-01-22 11:10:00,6.12,6.12,6.13,6.11,0.0,0.0,1662.0,1017168.0,0.33,0.03,6.0986,6.0788
2026-01-22 11:15:00,6.13,6.12,6.13,6.12,0.0,0.0,998.0,610821.0,0.16,0.02,6.099200000000001,6.0793
2026-01-22 11:20:00,6.12,6.13,6.13,6.12,0.16,0.01,962.0,588763.0,0.16,0.02,6.1,6.0799
2026-01-22 11:25:00,6.13,6.12,6.13,6.12,-0.16,-0.01,928.0,567952.0,0.16,0.02,6.100600000000001,6.08045
2026-01-22 11:30:00,6.12,6.11,6.12,6.11,-0.16,-0.01,1180.0,721285.0,0.16,0.02,6.1012,6.0809500000000005
2026-01-22 13:05:00,6.11,6.12,6.12,6.11,0.16,0.01,1061.0,648345.0,0.16,0.02,6.101999999999999,6.0815
2026-01-22 13:10:00,6.12,6.11,6.12,6.11,-0.16,-0.01,1109.0,677792.0,0.16,0.02,6.1024,6.081950000000001
2026-01-22 13:15:00,6.11,6.11,6.12,6.1,0.0,0.0,1565.0,955700.0,0.33,0.03,6.102799999999999,6.0824
2026-01-22 13:20:00,6.1,6.11,6.12,6.1,0.0,0.0,2582.0,1577166.0,0.33,0.05,6.1032,6.08285
2026-01-22 13:25:00,6.1,6.1,6.12,6.1,-0.16,-0.01,1234.0,753633.0,0.33,0.02,6.103599999999999,6.0833
2026-01-22 13:30:00,6.1,6.11,6.12,6.1,0.16,0.01,739.0,451444.0,0.33,0.01,6.1042,6.0838
2026-01-22 13:35:00,6.11,6.12,6.12,6.11,0.16,0.01,2006.0,1227515.0,0.16,0.04,6.1052,6.084350000000001
2026-01-22 13:40:00,6.12,6.12,6.13,6.12,0.0,0.0,880.0,538592.0,0.16,0.02,6.1062,6.0849
2026-01-22 13:45:00,6.12,6.14,6.14,6.12,0.33,0.02,3147.0,1928948.0,0.33,0.06,6.1076,6.0855500000000005
2026-01-22 13:50:00,6.14,6.13,6.14,6.12,-0.16,-0.01,1132.0,693759.0,0.33,0.02,6.1086,6.0861
2026-01-22 13:55:00,6.13,6.13,6.14,6.12,0.0,0.0,938.0,574881.0,0.33,0.02,6.109399999999999,6.08665
2026-01-22 14:00:00,6.13,6.12,6.13,6.12,-0.16,-0.01,490.0,300008.0,0.16,0.01,6.11,6.087249999999999
2026-01-22 14:05:00,6.12,6.13,6.14,6.12,0.16,0.01,1705.0,1044874.0,0.33,0.03,6.1106,6.087899999999999
2026-01-22 14:10:00,6.13,6.14,6.15,6.13,0.16,0.01,4240.0,2603394.0,0.33,0.07,6.1114,6.088549999999999
2026-01-22 14:15:00,6.13,6.13,6.14,6.13,-0.16,-0.01,1090.0,668534.0,0.16,0.02,6.1122000000000005,6.0892
2026-01-22 14:20:00,6.13,6.13,6.14,6.12,0.0,0.0,979.0,600082.0,0.33,0.02,6.1128,6.089799999999999
2026-01-22 14:25:00,6.14,6.14,6.15,6.13,0.16,0.01,3307.0,2031280.0,0.33,0.06,6.1136,6.0904
2026-01-22 14:30:00,6.14,6.14,6.15,6.14,0.0,0.0,1016.0,624063.0,0.16,0.02,6.114599999999999,6.091
2026-01-22 14:35:00,6.15,6.15,6.15,6.14,0.16,0.01,2460.0,1511731.0,0.16,0.04,6.1158,6.09165
2026-01-22 14:40:00,6.14,6.13,6.14,6.13,-0.33,-0.02,1688.0,1035657.0,0.16,0.03,6.1168000000000005,6.0922
2026-01-22 14:45:00,6.14,6.13,6.14,6.13,0.0,0.0,1184.0,725930.0,0.16,0.02,6.1178,6.09275
2026-01-22 14:50:00,6.13,6.14,6.14,6.13,0.16,0.01,1034.0,634399.0,0.16,0.02,6.1188,6.0934
2026-01-22 14:55:00,6.14,6.14,6.14,6.13,0.0,0.0,2420.0,1485234.0,0.16,0.04,6.119800000000001,6.0939499999999995
2026-01-22 15:00:00,6.14,6.14,6.14,6.13,0.0,0.0,3914.0,2402700.0,0.16,0.07,6.120799999999999,6.0945
2026-01-23 09:35:00,6.15,6.15,6.16,6.13,0.16,0.01,3590.0,2205683.0,0.49,0.06,6.122000000000001,6.09515
2026-01-23 09:40:00,6.15,6.14,6.15,6.13,-0.16,-0.01,2726.0,1674671.0,0.33,0.05,6.122999999999999,6.095750000000001
2026-01-23 09:45:00,6.15,6.13,6.15,6.13,-0.16,-0.01,1657.0,1017549.0,0.33,0.03,6.1236,6.096350000000001
2026-01-23 09:50:00,6.14,6.15,6.15,6.13,0.33,0.02,1093.0,671147.0,0.33,0.02,6.1246,6.0971
2026-01-23 09:55:00,6.14,6.14,6.15,6.14,-0.16,-0.01,4152.0,2550590.0,0.16,0.07,6.1256,6.09775
2026-01-23 10:00:00,6.14,6.14,6.15,6.13,0.0,0.0,1144.0,702474.0,0.33,0.02,6.1264,6.098449999999999
2026-01-23 10:05:00,6.13,6.13,6.15,6.13,-0.16,-0.01,2202.0,1352341.0,0.33,0.04,6.1272,6.09905
2026-01-23 10:10:00,6.13,6.13,6.14,6.12,0.0,0.0,2961.0,1814727.0,0.33,0.05,6.1278,6.099599999999999
2026-01-23 10:15:00,6.12,6.13,6.13,6.12,0.0,0.0,1507.0,923405.0,0.16,0.03,6.127999999999999,6.1001
2026-01-23 10:20:00,6.13,6.13,6.14,6.12,0.0,0.0,1300.0,796966.0,0.33,0.02,6.127999999999999,6.100599999999999
2026-01-23 10:25:00,6.13,6.12,6.13,6.12,-0.16,-0.01,376.0,230274.0,0.16,0.01,6.127999999999999,6.101
2026-01-23 10:30:00,6.12,6.12,6.13,6.12,0.0,0.0,1078.0,659832.0,0.16,0.02,6.1278,6.1013
2026-01-23 10:35:00,6.12,6.13,6.13,6.12,0.16,0.01,1884.0,1153265.0,0.16,0.03,6.1278,6.101649999999999
2026-01-23 10:40:00,6.12,6.12,6.13,6.12,-0.16,-0.01,622.0,381052.0,0.16,0.01,6.1278,6.1019499999999995
2026-01-23 10:45:00,6.13,6.12,6.13,6.12,0.0,0.0,1217.0,745542.0,0.16,0.02,6.1278,6.102250000000001
2026-01-23 10:50:00,6.12,6.12,6.13,6.12,0.0,0.0,1493.0,914000.0,0.16,0.03,6.1278,6.1026
2026-01-23 10:55:00,6.12,6.12,6.13,6.12,0.0,0.0,231.0,141382.0,0.16,0.0,6.1276,6.102900000000001
2026-01-23 11:00:00,6.12,6.13,6.13,6.12,0.16,0.01,371.0,227072.0,0.16,0.01,6.1278,6.103199999999999
2026-01-23 11:05:00,6.12,6.13,6.13,6.12,0.0,0.0,2944.0,1804634.0,0.16,0.05,6.1278,6.1035
2026-01-23 11:10:00,6.13,6.13,6.14,6.12,0.0,0.0,1432.0,877865.0,0.33,0.03,6.1278,6.10375
2026-01-23 11:15:00,6.13,6.13,6.13,6.12,0.0,0.0,388.0,237818.0,0.16,0.01,6.127999999999999,6.104
2026-01-23 11:20:00,6.13,6.13,6.13,6.12,0.0,0.0,1229.0,752199.0,0.16,0.02,6.1282,6.1042499999999995
2026-01-23 11:25:00,6.13,6.12,6.13,6.12,-0.16,-0.01,1211.0,742272.0,0.16,0.02,6.1282,6.104500000000001
2026-01-23 11:30:00,6.12,6.13,6.13,6.12,0.16,0.01,973.0,596427.0,0.16,0.02,6.1282,6.104799999999999
2026-01-23 13:05:00,6.13,6.14,6.15,6.13,0.16,0.01,2410.0,1479776.0,0.33,0.04,6.1286000000000005,6.1051
2026-01-23 13:10:00,6.14,6.14,6.15,6.14,0.0,0.0,684.0,420011.0,0.16,0.01,6.1292,6.105449999999999
2026-01-23 13:15:00,6.14,6.14,6.15,6.13,0.0,0.0,460.0,282477.0,0.33,0.01,6.1296,6.1058
2026-01-23 13:20:00,6.13,6.14,6.14,6.13,0.0,0.0,653.0,400897.0,0.16,0.01,6.130199999999999,6.10615
2026-01-23 13:25:00,6.14,6.14,6.15,6.14,0.0,0.0,347.0,213118.0,0.16,0.01,6.130800000000001,6.1065
2026-01-23 13:30:00,6.14,6.13,6.15,6.13,-0.16,-0.01,2733.0,1678617.0,0.33,0.05,6.1312,6.106800000000001
2026-01-23 13:35:00,6.13,6.15,6.15,6.13,0.33,0.02,571.0,350634.0,0.33,0.01,6.1322,6.107199999999999
2026-01-23 13:40:00,6.15,6.15,6.15,6.14,0.0,0.0,81.0,49798.0,0.16,0.0,6.132999999999999,6.1076
2026-01-23 13:45:00,6.14,6.14,6.15,6.14,-0.16,-0.01,400.0,245878.0,0.16,0.01,6.1334,6.10785
2026-01-23 13:50:00,6.14,6.15,6.15,6.14,0.16,0.01,491.0,301959.0,0.16,0.01,6.1339999999999995,6.108149999999999
2026-01-23 13:55:00,6.14,6.14,6.15,6.14,-0.16,-0.01,107.0,65772.0,0.16,0.0,6.1339999999999995,6.10845
2026-01-23 14:00:00,6.14,6.15,6.15,6.14,0.16,0.01,1053.0,647543.0,0.16,0.02,6.1344,6.1088
2026-01-23 14:05:00,6.14,6.14,6.15,6.14,-0.16,-0.01,2331.0,1431321.0,0.16,0.04,6.134600000000001,6.1091500000000005
2026-01-23 14:10:00,6.15,6.14,6.15,6.14,0.0,0.0,1624.0,997446.0,0.16,0.03,6.135,6.1095
2026-01-23 14:15:00,6.14,6.14,6.15,6.14,0.0,0.0,245.0,150489.0,0.16,0.0,6.1352,6.1098
2026-01-23 14:20:00,6.15,6.15,6.15,6.14,0.16,0.01,2136.0,1313633.0,0.16,0.04,6.1354,6.11015
2026-01-23 14:25:00,6.15,6.15,6.16,6.15,0.0,0.0,1021.0,627950.0,0.16,0.02,6.1358,6.110499999999999
2026-01-23 14:30:00,6.15,6.15,6.15,6.14,0.0,0.0,1062.0,653129.0,0.16,0.02,6.1362,6.11085
2026-01-23 14:35:00,6.15,6.14,6.16,6.14,-0.16,-0.01,1562.0,961475.0,0.33,0.03,6.1362,6.1112
2026-01-23 14:40:00,6.14,6.13,6.15,6.13,-0.16,-0.01,2536.0,1557001.0,0.33,0.04,6.136,6.11145
2026-01-23 14:45:00,6.14,6.14,6.15,6.14,0.16,0.01,1241.0,761994.0,0.16,0.02,6.1358,6.11175
2026-01-23 14:50:00,6.15,6.14,6.15,6.14,0.0,0.0,2160.0,1326572.0,0.16,0.04,6.135999999999999,6.11205
2026-01-23 14:55:00,6.15,6.15,6.15,6.14,0.16,0.01,1526.0,937724.0,0.16,0.03,6.1364,6.112449999999999
2026-01-23 15:00:00,6.15,6.16,6.17,6.14,0.16,0.01,3409.0,2098693.0,0.49,0.06,6.136799999999999,6.11285
2026-01-26 09:35:00,6.15,6.15,6.17,6.13,-0.16,-0.01,6269.0,3856516.0,0.65,0.11,6.1370000000000005,6.113250000000001
2026-01-26 09:40:00,6.16,6.14,6.16,6.13,-0.16,-0.01,2139.0,1314112.0,0.49,0.04,6.1370000000000005,6.11355
2026-01-26 09:45:00,6.14,6.13,6.14,6.12,-0.16,-0.01,2748.0,1684327.0,0.33,0.05,6.1366,6.1138
2026-01-26 09:50:00,6.13,6.1,6.13,6.1,-0.49,-0.03,6726.0,4112110.0,0.49,0.12,6.135800000000001,6.1139
2026-01-26 09:55:00,6.1,6.09,6.11,6.09,-0.16,-0.01,5447.0,3320930.0,0.33,0.1,6.135,6.113950000000001
2026-01-26 10:00:00,6.09,6.09,6.1,6.08,0.0,0.0,2454.0,1494721.0,0.33,0.04,6.1338,6.114
2026-01-26 10:05:00,6.09,6.09,6.11,6.09,0.0,0.0,3886.0,2369168.0,0.33,0.07,6.1328,6.11405
2026-01-26 10:10:00,6.09,6.1,6.11,6.08,0.16,0.01,1204.0,733555.0,0.49,0.02,6.132000000000001,6.1141000000000005
2026-01-26 10:15:00,6.1,6.1,6.11,6.1,0.0,0.0,1373.0,838177.0,0.16,0.02,6.1314,6.1141
2026-01-26 10:20:00,6.1,6.1,6.11,6.09,0.0,0.0,984.0,600224.0,0.33,0.02,6.130800000000001,6.11405
2026-01-26 10:25:00,6.1,6.1,6.11,6.1,0.0,0.0,999.0,609517.0,0.16,0.02,6.130199999999999,6.1141
2026-01-26 10:30:00,6.11,6.1,6.11,6.1,0.0,0.0,202.0,123233.0,0.16,0.0,6.1296,6.1141
2026-01-26 10:35:00,6.1,6.13,6.13,6.1,0.49,0.03,2174.0,1328842.0,0.49,0.04,6.1298,6.114250000000001
2026-01-26 10:40:00,6.13,6.12,6.13,6.12,-0.16,-0.01,1191.0,729710.0,0.16,0.02,6.1298,6.114199999999999
2026-01-26 10:45:00,6.12,6.12,6.13,6.12,0.0,0.0,304.0,185751.0,0.16,0.01,6.1296,6.11415
2026-01-26 10:50:00,6.13,6.13,6.15,6.12,0.16,0.01,3263.0,2002130.0,0.49,0.06,6.1298,6.1141499999999995
2026-01-26 10:55:00,6.13,6.15,6.15,6.13,0.33,0.02,631.0,387507.0,0.33,0.01,6.1304,6.114250000000001
2026-01-26 11:00:00,6.15,6.15,6.16,6.14,0.0,0.0,2037.0,1252262.0,0.33,0.04,6.131,6.11445
2026-01-26 11:05:00,6.16,6.16,6.16,6.15,0.16,0.01,666.0,409670.0,0.16,0.01,6.131799999999999,6.11475
2026-01-26 11:10:00,6.16,6.16,6.16,6.15,0.0,0.0,455.0,279931.0,0.16,0.01,6.1324000000000005,6.115
2026-01-26 11:15:00,6.16,6.18,6.19,6.16,0.32,0.02,5862.0,3617977.0,0.49,0.1,6.1334,6.115349999999999
2026-01-26 11:20:00,6.18,6.22,6.22,6.17,0.65,0.04,7433.0,4607016.0,0.81,0.13,6.1352,6.115849999999999
2026-01-26 11:25:00,6.22,6.2,6.22,6.2,-0.32,-0.02,2856.0,1773644.0,0.32,0.05,6.1366000000000005,6.1163
2026-01-26 11:30:00,6.21,6.19,6.21,6.19,-0.16,-0.01,1920.0,1189084.0,0.32,0.03,6.137800000000001,6.1167
2026-01-26 13:05:00,6.19,6.18,6.2,6.18,-0.16,-0.01,1137.0,703779.0,0.32,0.02,6.138999999999999,6.117050000000001
2026-01-26 13:10:00,6.18,6.19,6.19,6.18,0.16,0.01,934.0,577550.0,0.16,0.02,6.140200000000001,6.1175
2026-01-26 13:15:00,6.18,6.17,6.19,6.17,-0.32,-0.02,1937.0,1196843.0,0.32,0.03,6.1408,6.11785
2026-01-26 13:20:00,6.17,6.17,6.18,6.17,0.0,0.0,573.0,353643.0,0.16,0.01,6.1414,6.118150000000001
2026-01-26 13:25:00,6.17,6.18,6.18,6.17,0.16,0.01,601.0,370928.0,0.16,0.01,6.1422,6.118499999999999
2026-01-26 13:30:00,6.17,6.17,6.17,6.16,-0.16,-0.01,916.0,565004.0,0.16,0.02,6.142800000000001,6.11875
2026-01-26 13:35:00,6.17,6.14,6.17,6.14,-0.49,-0.03,2511.0,1543504.0,0.49,0.04,6.142799999999999,6.1189
2026-01-26 13:40:00,6.14,6.14,6.14,6.13,0.0,0.0,735.0,451242.0,0.16,0.01,6.143,6.1190999999999995
2026-01-26 13:45:00,6.14,6.14,6.15,6.13,0.0,0.0,3533.0,2166560.0,0.33,0.06,6.142799999999999,6.119300000000001
2026-01-26 13:50:00,6.14,6.16,6.16,6.13,0.33,0.02,1515.0,931455.0,0.49,0.03,6.143000000000001,6.119599999999999
2026-01-26 13:55:00,6.16,6.15,6.17,6.15,-0.16,-0.01,762.0,469359.0,0.32,0.01,6.143199999999999,6.1198500000000005
2026-01-26 14:00:00,6.16,6.16,6.18,6.15,0.16,0.01,943.0,581400.0,0.49,0.02,6.143400000000001,6.1201
2026-01-26 14:05:00,6.17,6.15,6.17,6.15,-0.16,-0.01,1013.0,623259.0,0.32,0.02,6.1436,6.120299999999999
2026-01-26 14:10:00,6.14,6.16,6.16,6.14,0.16,0.01,945.0,581069.0,0.33,0.02,6.1438,6.12055
2026-01-26 14:15:00,6.16,6.17,6.17,6.16,0.16,0.01,737.0,454208.0,0.16,0.01,6.144399999999999,6.120850000000001
2026-01-26 14:20:00,6.16,6.17,6.18,6.16,0.0,0.0,2295.0,1415197.0,0.32,0.04,6.145,6.12115
2026-01-26 14:25:00,6.16,6.18,6.18,6.16,0.16,0.01,1651.0,1018757.0,0.32,0.03,6.1458,6.1215
2026-01-26 14:30:00,6.17,6.17,6.18,6.16,-0.16,-0.01,1444.0,890755.0,0.32,0.03,6.1462,6.1218
2026-01-26 14:35:00,6.16,6.18,6.18,6.16,0.16,0.01,2116.0,1305699.0,0.32,0.04,6.146800000000001,6.1221499999999995
2026-01-26 14:40:00,6.17,6.18,6.18,6.17,0.0,0.0,2103.0,1298822.0,0.16,0.04,6.1474,6.1225
2026-01-26 14:45:00,6.17,6.19,6.2,6.17,0.16,0.01,6136.0,3794382.0,0.49,0.11,6.1484000000000005,6.1229
2026-01-26 14:50:00,6.2,6.2,6.2,6.18,0.16,0.01,2518.0,1559064.0,0.32,0.04,6.1498,6.1234
2026-01-26 14:55:00,6.19,6.2,6.2,6.19,0.0,0.0,2597.0,1608232.0,0.16,0.05,6.151,6.12385
2026-01-26 15:00:00,6.19,6.2,6.2,6.19,0.0,0.0,4148.0,2570595.0,0.16,0.07,6.152200000000001,6.12425
2026-01-27 09:35:00,6.2,6.16,6.2,6.15,-0.65,-0.04,5317.0,3280721.0,0.81,0.09,6.1524,6.12445
2026-01-27 09:40:00,6.16,6.14,6.17,6.14,-0.32,-0.02,4923.0,3030549.0,0.49,0.09,6.152,6.124549999999999
2026-01-27 09:45:00,6.15,6.12,6.15,6.12,-0.33,-0.02,2740.0,1681427.0,0.49,0.05,6.1514,6.1246
2026-01-27 09:50:00,6.12,6.08,6.13,6.07,-0.65,-0.04,10638.0,6491587.0,0.98,0.19,6.1502,6.1244499999999995
2026-01-27 09:55:00,6.07,6.05,6.09,6.04,-0.49,-0.03,9413.0,5716390.0,0.82,0.17,6.1486,6.124099999999999
2026-01-27 10:00:00,6.05,6.03,6.06,6.03,-0.33,-0.02,5075.0,3067793.0,0.5,0.09,6.147199999999999,6.1236500000000005
2026-01-27 10:05:00,6.03,6.06,6.06,6.02,0.5,0.03,3176.0,1917453.0,0.66,0.06,6.146599999999999,6.1233
2026-01-27 10:10:00,6.05,6.05,6.06,6.04,-0.17,-0.01,3059.0,1850212.0,0.33,0.05,6.1457999999999995,6.1229499999999994
2026-01-27 10:15:00,6.04,6.05,6.06,6.04,0.0,0.0,3765.0,2278950.0,0.33,0.07,6.145,6.1228
2026-01-27 10:20:00,6.04,6.04,6.05,6.03,-0.17,-0.01,3995.0,2412698.0,0.33,0.07,6.1438,6.1226
2026-01-27 10:25:00,6.04,6.05,6.07,6.03,0.17,0.01,1609.0,973029.0,0.66,0.03,6.142799999999999,6.12245
2026-01-27 10:30:00,6.06,6.05,6.06,6.03,0.0,0.0,3899.0,2356097.0,0.5,0.07,6.1418,6.1223
2026-01-27 10:35:00,6.04,6.02,6.05,6.02,-0.5,-0.03,5376.0,3241948.0,0.5,0.09,6.140200000000001,6.122000000000001
2026-01-27 10:40:00,6.03,6.05,6.06,6.03,0.5,0.03,3006.0,1815705.0,0.5,0.05,6.1392,6.1217999999999995
2026-01-27 10:45:00,6.05,6.05,6.08,6.05,0.0,0.0,2113.0,1281432.0,0.5,0.04,6.1376,6.1216
2026-01-27 10:50:00,6.05,6.04,6.06,6.04,-0.17,-0.01,2756.0,1666606.0,0.33,0.05,6.136,6.1213999999999995
2026-01-27 10:55:00,6.05,6.04,6.06,6.04,0.0,0.0,2211.0,1337305.0,0.33,0.04,6.134399999999999,6.12115
2026-01-27 11:00:00,6.04,6.04,6.05,6.04,0.0,0.0,678.0,409776.0,0.17,0.01,6.1326,6.120950000000001
2026-01-27 11:05:00,6.04,6.05,6.05,6.03,0.17,0.01,3274.0,1978036.0,0.33,0.06,6.1306,6.1208
2026-01-27 11:10:00,6.05,6.05,6.06,6.04,0.0,0.0,1032.0,624376.0,0.33,0.02,6.1286000000000005,6.1206
2026-01-27 11:15:00,6.04,6.05,6.05,6.03,0.0,0.0,2036.0,1230002.0,0.33,0.04,6.1264,6.12045
2026-01-27 11:20:00,6.05,6.06,6.06,6.04,0.17,0.01,2033.0,1230070.0,0.33,0.04,6.1244,6.120250000000001
2026-01-27 11:25:00,6.05,6.06,6.07,6.05,0.0,0.0,1725.0,1044566.0,0.33,0.03,6.121999999999999,6.12005
2026-01-27 11:30:00,6.06,6.06,6.08,6.05,0.0,0.0,1057.0,640984.0,0.5,0.02,6.1188,6.1198500000000005
2026-01-27 13:05:00,6.06,6.08,6.08,6.06,0.33,0.02,1071.0,650235.0,0.33,0.02,6.1164,6.119799999999999
2026-01-27 13:10:00,6.08,6.08,6.09,6.07,0.0,0.0,851.0,517345.0,0.33,0.01,6.114199999999999,6.1197
2026-01-27 13:15:00,6.07,6.09,6.11,6.07,0.16,0.01,1331.0,810809.0,0.66,0.02,6.1124,6.1197
2026-01-27 13:20:00,6.1,6.1,6.11,6.09,0.16,0.01,1239.0,755682.0,0.33,0.02,6.1106,6.119749999999999
2026-01-27 13:25:00,6.09,6.09,6.1,6.08,-0.16,-0.01,1654.0,1007077.0,0.33,0.03,6.109,6.11975
2026-01-27 13:30:00,6.09,6.11,6.11,6.09,0.33,0.02,1701.0,1037208.0,0.33,0.03,6.1078,6.1199
2026-01-27 13:35:00,6.11,6.11,6.12,6.1,0.0,0.0,1308.0,798879.0,0.33,0.02,6.1064,6.12005
2026-01-27 13:40:00,6.11,6.1,6.11,6.08,-0.16,-0.01,2036.0,1241494.0,0.49,0.04,6.104999999999999,6.1201
2026-01-27 13:45:00,6.1,6.11,6.11,6.1,0.16,0.01,1791.0,1092670.0,0.16,0.03,6.104399999999999,6.1202000000000005
2026-01-27 13:50:00,6.1,6.12,6.13,6.1,0.16,0.01,1344.0,822299.0,0.49,0.02,6.104,6.120349999999999
2026-01-27 13:55:00,6.12,6.12,6.13,6.11,0.0,0.0,2168.0,1326342.0,0.33,0.04,6.1036,6.120550000000001
2026-01-27 14:00:00,6.12,6.12,6.12,6.11,0.0,0.0,275.0,168202.0,0.16,0.0,6.102799999999999,6.12075
2026-01-27 14:05:00,6.12,6.13,6.14,6.11,0.16,0.01,2221.0,1360709.0,0.49,0.04,6.1024,6.12105
2026-01-27 14:10:00,6.13,6.13,6.13,6.12,0.0,0.0,945.0,578799.0,0.16,0.02,6.1018,6.12135
2026-01-27 14:15:00,6.12,6.13,6.13,6.12,0.0,0.0,1211.0,741767.0,0.16,0.02,6.1014,6.121650000000001
2026-01-27 14:20:00,6.13,6.13,6.13,6.12,0.0,0.0,975.0,597455.0,0.16,0.02,6.1008,6.121899999999999
2026-01-27 14:25:00,6.12,6.13,6.13,6.11,0.0,0.0,898.0,549911.0,0.33,0.02,6.1,6.1221000000000005
2026-01-27 14:30:00,6.13,6.13,6.13,6.11,0.0,0.0,1822.0,1116183.0,0.33,0.03,6.0992,6.1223
2026-01-27 14:35:00,6.13,6.12,6.13,6.11,-0.16,-0.01,3108.0,1902571.0,0.33,0.05,6.098,6.1224
2026-01-27 14:40:00,6.12,6.13,6.13,6.11,0.16,0.01,2471.0,1512302.0,0.33,0.04,6.097199999999999,6.12255
2026-01-27 14:45:00,6.12,6.14,6.14,6.11,0.16,0.01,3217.0,1969797.0,0.49,0.06,6.0964,6.122800000000001
2026-01-27 14:50:00,6.14,6.13,6.14,6.12,-0.16,-0.01,2276.0,1395374.0,0.33,0.04,6.0954,6.1229499999999994
2026-01-27 14:55:00,6.13,6.13,6.14,6.12,0.0,0.0,1563.0,957918.0,0.33,0.03,6.0942,6.123100000000001
2026-01-27 15:00:00,6.13,6.15,6.15,6.13,0.33,0.02,4792.0,2944891.0,0.33,0.08,6.0931999999999995,6.123399999999999
2026-01-28 09:35:00,6.13,6.14,6.14,6.1,-0.16,-0.01,4290.0,2625228.0,0.65,0.08,6.0920000000000005,6.1236500000000005
2026-01-28 09:40:00,6.15,6.16,6.19,6.15,0.33,0.02,5772.0,3559100.0,0.65,0.1,6.0912,6.12405
2026-01-28 09:45:00,6.16,6.14,6.16,6.14,-0.32,-0.02,989.0,608202.0,0.32,0.02,6.090799999999999,6.12435
2026-01-28 09:50:00,6.15,6.13,6.15,6.13,-0.16,-0.01,1573.0,966072.0,0.33,0.03,6.090599999999999,6.12455
2026-01-28 09:55:00,6.14,6.14,6.14,6.12,0.16,0.01,1201.0,736074.0,0.33,0.02,6.091,6.1248000000000005
2026-01-28 10:00:00,6.13,6.13,6.13,6.12,-0.16,-0.01,612.0,375004.0,0.16,0.01,6.0920000000000005,6.125
2026-01-28 10:05:00,6.12,6.14,6.16,6.12,0.16,0.01,2062.0,1266590.0,0.65,0.04,6.0938,6.125249999999999
2026-01-28 10:10:00,6.14,6.15,6.16,6.13,0.16,0.01,2321.0,1426604.0,0.49,0.04,6.0962,6.1255500000000005
2026-01-28 10:15:00,6.15,6.17,6.17,6.14,0.33,0.02,2541.0,1563947.0,0.49,0.04,6.098400000000001,6.125900000000001
2026-01-28 10:20:00,6.16,6.17,6.17,6.15,0.0,0.0,3313.0,2040729.0,0.32,0.06,6.1008000000000004,6.12625
2026-01-28 10:25:00,6.16,6.17,6.17,6.15,0.0,0.0,3083.0,1899131.0,0.32,0.05,6.103199999999999,6.12665
2026-01-28 10:30:00,6.17,6.18,6.18,6.16,0.16,0.01,6614.0,4081671.0,0.32,0.12,6.105999999999999,6.1270500000000006
2026-01-28 10:35:00,6.17,6.18,6.19,6.16,0.0,0.0,6058.0,3744395.0,0.49,0.11,6.1086,6.1275
2026-01-28 10:40:00,6.18,6.18,6.18,6.17,0.0,0.0,1387.0,856888.0,0.16,0.02,6.1112,6.1278999999999995
2026-01-28 10:45:00,6.18,6.18,6.19,6.17,0.0,0.0,1715.0,1060029.0,0.32,0.03,6.1144,6.1282000000000005
2026-01-28 10:50:00,6.18,6.19,6.2,6.18,0.16,0.01,3438.0,2127795.0,0.32,0.06,6.1172,6.1285
2026-01-28 10:55:00,6.2,6.19,6.2,6.18,0.0,0.0,895.0,553880.0,0.32,0.02,6.12,6.12885
2026-01-28 11:00:00,6.18,6.19,6.19,6.18,0.0,0.0,1264.0,782129.0,0.16,0.02,6.122999999999999,6.129149999999999
2026-01-28 11:05:00,6.19,6.19,6.19,6.18,0.0,0.0,488.0,301726.0,0.16,0.01,6.126,6.12945
2026-01-28 11:10:00,6.18,6.19,6.19,6.18,0.0,0.0,234.0,144653.0,0.16,0.0,6.129,6.1298
2026-01-28 11:15:00,6.19,6.19,6.19,6.18,0.0,0.0,389.0,240608.0,0.16,0.01,6.131799999999999,6.1301499999999995
2026-01-28 11:20:00,6.19,6.19,6.19,6.18,0.0,0.0,369.0,228179.0,0.16,0.01,6.134599999999999,6.1305
2026-01-28 11:25:00,6.19,6.19,6.19,6.18,0.0,0.0,802.0,495834.0,0.16,0.01,6.1374,6.130800000000001
2026-01-28 11:30:00,6.19,6.18,6.19,6.18,-0.16,-0.01,470.0,290629.0,0.16,0.01,6.1398,6.1311
2026-01-28 13:05:00,6.18,6.21,6.24,6.18,0.49,0.03,11593.0,7196901.0,0.97,0.2,6.142800000000001,6.1315
2026-01-28 13:10:00,6.21,6.21,6.22,6.21,0.0,0.0,747.0,464355.0,0.16,0.01,6.1458,6.131899999999999
2026-01-28 13:15:00,6.22,6.22,6.23,6.21,0.16,0.01,3488.0,2170423.0,0.32,0.06,6.148599999999999,6.1324000000000005
2026-01-28 13:20:00,6.22,6.22,6.22,6.21,0.0,0.0,1093.0,679124.0,0.16,0.02,6.1514,6.132899999999999
2026-01-28 13:25:00,6.21,6.21,6.22,6.2,-0.16,-0.01,2191.0,1360686.0,0.32,0.04,6.1538,6.13335
2026-01-28 13:30:00,6.22,6.23,6.24,6.22,0.32,0.02,5289.0,3293503.0,0.32,0.09,6.1564,6.13385
2026-01-28 13:35:00,6.23,6.22,6.24,6.21,-0.16,-0.01,1855.0,1155098.0,0.48,0.03,6.159000000000001,6.13435
2026-01-28 13:40:00,6.21,6.22,6.23,6.21,0.0,0.0,477.0,296697.0,0.32,0.01,6.1612,6.1349
2026-01-28 13:45:00,6.22,6.21,6.23,6.21,-0.16,-0.01,1145.0,712211.0,0.32,0.02,6.1632,6.13535
2026-01-28 13:50:00,6.22,6.2,6.22,6.2,-0.16,-0.01,886.0,550156.0,0.32,0.02,6.165200000000001,6.1358
2026-01-28 13:55:00,6.2,6.2,6.21,6.2,0.0,0.0,950.0,589060.0,0.16,0.02,6.167000000000001,6.13625
2026-01-28 14:00:00,6.2,6.21,6.21,6.2,0.16,0.01,604.0,374630.0,0.16,0.01,6.1688,6.136750000000001
2026-01-28 14:05:00,6.2,6.2,6.21,6.19,-0.16,-0.01,656.0,406555.0,0.32,0.01,6.1704,6.13725
2026-01-28 14:10:00,6.2,6.2,6.2,6.19,0.0,0.0,2518.0,1559090.0,0.16,0.04,6.172000000000001,6.1377
2026-01-28 14:15:00,6.2,6.19,6.21,6.18,-0.16,-0.01,1574.0,975304.0,0.48,0.03,6.1732000000000005,6.13805
2026-01-28 14:20:00,6.19,6.2,6.2,6.18,0.16,0.01,2115.0,1311054.0,0.32,0.04,6.174600000000001,6.138450000000001
2026-01-28 14:25:00,6.19,6.19,6.19,6.19,-0.16,-0.01,389.0,240791.0,0.0,0.01,6.175800000000001,6.1387
2026-01-28 14:30:00,6.19,6.18,6.19,6.18,-0.16,-0.01,1586.0,981485.0,0.16,0.03,6.176800000000001,6.1389499999999995
2026-01-28 14:35:00,6.19,6.18,6.19,6.18,0.0,0.0,1295.0,800169.0,0.16,0.02,6.177800000000001,6.1392
2026-01-28 14:40:00,6.18,6.18,6.18,6.17,0.0,0.0,2854.0,1762589.0,0.16,0.05,6.178800000000001,6.139500000000001
2026-01-28 14:45:00,6.17,6.17,6.17,6.16,-0.16,-0.01,1505.0,927812.0,0.16,0.03,6.1798,6.1397
2026-01-28 14:50:00,6.17,6.17,6.18,6.16,0.0,0.0,1727.0,1065522.0,0.32,0.03,6.180600000000001,6.13985
2026-01-28 14:55:00,6.18,6.16,6.18,6.16,-0.16,-0.01,3918.0,2417188.0,0.32,0.07,6.181,6.14
2026-01-28 15:00:00,6.15,6.18,6.18,6.15,0.32,0.02,1735.0,1070887.0,0.49,0.03,6.1819999999999995,6.140250000000001
