date,open,close,high,low,涨跌幅,涨跌额,volume,成交额,振幅,换手率,ma50,ma200
2026-09-07 13:25:00,15.94,15.94,15.94,15.94,0.0,0.0,479.0,763526.0,0.0,0.01,,
2026-09-07 13:30:00,15.94,15.94,15.94,15.94,0.0,0.0,397.0,632818.0,0.0,0.01,,
2026-09-07 13:35:00,15.94,15.94,15.94,15.94,0.0,0.0,301.0,479794.0,0.0,0.01,,
2026-09-07 13:40:00,15.94,15.94,15.94,15.94,0.0,0.0,216.0,344304.0,0.0,0.0,,
2026-09-07 13:45:00,15.94,15.94,15.94,15.94,0.0,0.0,571.0,910174.0,0.0,0.01,,
2026-09-07 13:50:00,15.94,15.94,15.94,15.94,0.0,0.0,1028.0,1638632.0,0.0,0.02,,
2026-09-07 13:55:00,15.94,15.94,15.94,15.94,0.0,0.0,959.0,1528646.0,0.0,0.02,,
2026-09-07 14:00:00,15.94,15.94,15.94,15.94,0.0,0.0,410.0,653540.0,0.0,0.01,,
2026-09-07 14:05:00,15.94,15.94,15.94,15.94,0.0,0.0,515.0,820910.0,0.0,0.01,,
2026-09-07 14:10:00,15.94,15.94,15.94,15.94,0.0,0.0,263.0,419222.0,0.0,0.0,,
2026-09-07 14:15:00,15.94,15.94,15.94,15.94,0.0,0.0,639.0,1018566.0,0.0,0.01,,
2026-09-07 14:20:00,15.94,15.94,15.94,15.94,0.0,0.0,197.0,314018.0,0.0,0.0,,
2026-09-07 14:25:00,15.94,15.94,15.94,15.94,0.0,0.0,220.0,350680.0,0.0,0.0,,
2026-09-07 14:30:00,15.94,15.94,15.94,15.94,0.0,0.0,328.0,522832.0,0.0,0.01,,
2026-09-07 14:35:00,15.94,15.94,15.94,15.94,0.0,0.0,353.0,562682.0,0.0,0.01,,
2026-09-07 14:40:00,15.94,15.94,15.94,15.94,0.0,0.0,1187.0,1892078.0,0.0,0.02,,
2026-09-07 14:45:00,15.94,15.94,15.94,15.94,0.0,0.0,280.0,446320.0,0.0,0.0,,
2026-09-07 14:50:00,15.94,15.94,15.94,15.94,0.0,0.0,989.0,1576466.0,0.0,0.02,,
2026-09-07 14:55:00,15.94,15.94,15.94,15.94,0.0,0.0,1055.0,1681670.0,0.0,0.02,,
2026-09-07 15:00:00,15.94,15.94,15.94,15.94,0.0,0.0,1633.0,2603002.0,0.0,0.03,,
2026-09-08 09:35:00,17.23,17.13,17.53,16.73,7.47,1.19,580259.0,1002307931.0,5.02,9.75,,
2026-09-08 09:40:00,17.13,17.0,17.15,16.94,-0.76,-0.13,118145.0,201494166.0,1.23,1.99,,
2026-09-08 09:45:00,17.01,17.1,17.25,17.0,0.59,0.1,79445.0,135851523.0,1.47,1.34,,
2026-09-08 09:50:00,17.05,16.71,17.08,16.69,-2.28,-0.39,86617.0,146019507.0,2.28,1.46,,
2026-09-08 09:55:00,16.72,16.62,16.79,16.62,-0.54,-0.09,75506.0,126085139.0,1.02,1.27,,
2026-09-08 10:00:00,16.62,16.54,16.68,16.54,-0.48,-0.08,54346.0,90240851.0,0.84,0.91,,
2026-09-08 10:05:00,16.56,16.62,16.65,16.51,0.48,0.08,46644.0,77366165.0,0.85,0.78,,
2026-09-08 10:10:00,16.6,16.81,16.81,16.6,1.14,0.19,35802.0,59721827.0,1.26,0.6,,
2026-09-08 10:15:00,16.82,16.73,16.83,16.7,-0.48,-0.08,17293.0,28978576.0,0.77,0.29,,
2026-09-08 10:20:00,16.72,16.76,16.8,16.7,0.18,0.03,15048.0,25198275.0,0.6,0.25,,
2026-09-08 10:25:00,16.76,16.79,16.79,16.68,0.18,0.03,12439.0,20814878.0,0.66,0.21,,
2026-09-08 10:30:00,16.79,16.83,16.86,16.79,0.24,0.04,16101.0,27082601.0,0.42,0.27,,
2026-09-08 10:35:00,16.81,16.88,16.88,16.81,0.3,0.05,9748.0,16413962.0,0.42,0.16,,
2026-09-08 10:40:00,16.87,16.76,16.89,16.76,-0.71,-0.12,10967.0,18462123.0,0.77,0.18,,
2026-09-08 10:45:00,16.75,16.78,16.8,16.72,0.12,0.02,8293.0,13895663.0,0.48,0.14,,
2026-09-08 10:50:00,16.74,16.78,16.8,16.74,0.0,0.0,6736.0,11300364.0,0.36,0.11,,
2026-09-08 10:55:00,16.78,16.74,16.78,16.71,-0.24,-0.04,6812.0,11401243.0,0.42,0.11,,
2026-09-08 11:00:00,16.72,16.74,16.75,16.72,0.0,0.0,5108.0,8548077.0,0.18,0.09,,
2026-09-08 11:05:00,16.74,16.69,16.74,16.68,-0.3,-0.05,8575.0,14331001.0,0.36,0.14,,
2026-09-08 11:10:00,16.69,16.73,16.74,16.66,0.24,0.04,6935.0,11580275.0,0.48,0.12,,
2026-09-08 11:15:00,16.73,16.68,16.73,16.67,-0.3,-0.05,5164.0,8626261.0,0.36,0.09,,
2026-09-08 11:20:00,16.67,16.65,16.67,16.63,-0.18,-0.03,8395.0,13978795.0,0.24,0.14,,
2026-09-08 11:25:00,16.64,16.65,16.69,16.64,0.0,0.0,8444.0,14072916.0,0.3,0.14,,
2026-09-08 11:30:00,16.66,16.7,16.7,16.64,0.3,0.05,5450.0,9089631.0,0.36,0.09,,
2026-09-08 13:05:00,16.69,16.58,16.69,16.56,-0.72,-0.12,16237.0,26977322.0,0.78,0.27,,
2026-09-08 13:10:00,16.58,16.59,16.62,16.56,0.06,0.01,10322.0,17123973.0,0.36,0.17,,
2026-09-08 13:15:00,16.58,16.58,16.59,16.55,-0.06,-0.01,7451.0,12346071.0,0.24,0.13,,
2026-09-08 13:20:00,16.58,16.57,16.59,16.55,-0.06,-0.01,6682.0,11069965.0,0.24,0.11,,
2026-09-08 13:25:00,16.56,16.58,16.62,16.55,0.06,0.01,13258.0,21981791.0,0.42,0.22,,
2026-09-08 13:30:00,16.56,16.62,16.65,16.56,0.24,0.04,8390.0,13940611.0,0.54,0.14,16.4148,
2026-09-08 13:35:00,16.61,16.54,16.61,16.53,-0.48,-0.08,11750.0,19459124.0,0.48,0.2,16.4268,
2026-09-08 13:40:00,16.55,16.58,16.58,16.54,0.24,0.04,5301.0,8776935.0,0.24,0.09,16.4396,
2026-09-08 13:45:00,16.58,16.55,16.58,16.55,-0.18,-0.03,6835.0,11319900.0,0.18,0.11,16.4518,
2026-09-08 13:50:00,16.53,16.54,16.56,16.53,-0.06,-0.01,6747.0,11160212.0,0.18,0.11,16.4638,
2026-09-08 13:55:00,16.54,16.53,16.58,16.52,-0.06,-0.01,7580.0,12542608.0,0.36,0.13,16.4756,
2026-09-08 14:00:00,16.53,16.52,16.53,16.5,-0.06,-0.01,9732.0,16071200.0,0.18,0.16,16.4872,
2026-09-08 14:05:00,16.52,16.46,16.52,16.45,-0.36,-0.06,13363.0,22034481.0,0.42,0.22,16.4976,
2026-09-08 14:10:00,16.45,16.49,16.49,16.44,0.18,0.03,10549.0,17367221.0,0.3,0.18,16.508599999999998,
2026-09-08 14:15:00,16.48,16.46,16.5,16.45,-0.18,-0.03,8235.0,13567430.0,0.3,0.14,16.519,
2026-09-08 14:20:00,16.46,16.38,16.46,16.38,-0.49,-0.08,14211.0,23320968.0,0.49,0.24,16.5278,
2026-09-08 14:25:00,16.37,16.4,16.43,16.37,0.12,0.02,12897.0,21155470.0,0.37,0.22,16.537,
2026-09-08 14:30:00,16.4,16.45,16.47,16.39,0.3,0.05,11446.0,18807173.0,0.49,0.19,16.5472,
2026-09-08 14:35:00,16.44,16.44,16.5,16.43,-0.06,-0.01,14391.0,23699578.0,0.43,0.24,16.557199999999998,
2026-09-08 14:40:00,16.45,16.45,16.47,16.43,0.06,0.01,10816.0,17795905.0,0.24,0.18,16.5674,
2026-09-08 14:45:00,16.47,16.49,16.49,16.46,0.24,0.04,11701.0,19276195.0,0.18,0.2,16.5784,
2026-09-08 14:50:00,16.49,16.52,16.52,16.48,0.18,0.03,12160.0,20066311.0,0.24,0.2,16.59,
2026-09-08 14:55:00,16.51,16.51,16.52,16.49,-0.06,-0.01,19443.0,32085673.0,0.18,0.33,16.601399999999998,
2026-09-08 15:00:00,16.5,16.53,16.58,16.5,0.12,0.02,22941.0,37936196.0,0.48,0.39,16.6132,
2026-09-09 09:35:00,17.05,16.73,17.22,16.57,1.21,0.2,220921.0,372578419.0,3.93,3.71,16.628999999999998,
2026-09-09 09:40:00,16.72,16.75,16.76,16.62,0.12,0.02,71471.0,119379994.0,0.84,1.2,16.6452,
2026-09-09 09:45:00,16.75,16.78,16.82,16.71,0.18,0.03,47070.0,78892523.0,0.66,0.79,16.6382,
2026-09-09 09:50:00,16.77,16.69,16.86,16.68,-0.54,-0.09,51665.0,86617827.0,1.07,0.87,16.632,
2026-09-09 09:55:00,16.69,16.85,16.97,16.69,0.96,0.16,52882.0,89230621.0,1.68,0.89,16.627,
2026-09-09 10:00:00,16.84,16.93,16.93,16.78,0.47,0.08,32820.0,55283575.0,0.89,0.55,16.6314,
2026-09-09 10:05:00,16.92,16.94,17.04,16.88,0.06,0.01,40302.0,68414256.0,0.95,0.68,16.6378,
2026-09-09 10:10:00,16.93,16.92,16.95,16.88,-0.12,-0.02,22589.0,38182208.0,0.41,0.38,16.6454,
2026-09-09 10:15:00,16.92,17.07,17.14,16.91,0.89,0.15,49258.0,84050260.0,1.36,0.83,16.6544,
2026-09-09 10:20:00,17.06,17.18,17.19,17.06,0.64,0.11,36208.0,62052985.0,0.76,0.61,16.6618,
2026-09-09 10:25:00,17.16,17.16,17.29,17.11,-0.12,-0.02,50741.0,87251167.0,1.05,0.85,16.6704,
2026-09-09 10:30:00,17.15,17.13,17.18,17.06,-0.17,-0.03,31071.0,53216551.0,0.7,0.52,16.6778,
2026-09-09 10:35:00,17.14,17.13,17.18,17.06,0.0,0.0,21091.0,36122083.0,0.7,0.35,16.6846,
2026-09-09 10:40:00,17.13,17.13,17.23,17.12,0.0,0.0,17566.0,30174759.0,0.64,0.3,16.690600000000003,
2026-09-09 10:45:00,17.13,17.03,17.17,17.01,-0.58,-0.1,17436.0,29773097.0,0.93,0.29,16.6936,
2026-09-09 10:50:00,17.02,17.07,17.07,16.99,0.23,0.04,17293.0,29416953.0,0.47,0.29,16.699799999999996,
2026-09-09 10:55:00,17.09,17.07,17.09,17.01,0.0,0.0,12241.0,20873769.0,0.47,0.21,16.7056,
2026-09-09 11:00:00,17.07,17.0,17.08,16.96,-0.41,-0.07,14354.0,24404483.0,0.7,0.24,16.71,
2026-09-09 11:05:00,17.0,17.11,17.13,17.0,0.65,0.11,13254.0,22628972.0,0.76,0.22,16.7174,
2026-09-09 11:10:00,17.11,17.09,17.15,17.08,-0.12,-0.02,13689.0,23438874.0,0.41,0.23,16.7244,
2026-09-09 11:15:00,17.11,17.06,17.19,17.04,-0.18,-0.03,10173.0,17420299.0,0.88,0.17,16.7318,
2026-09-09 11:20:00,17.07,17.11,17.14,17.06,0.29,0.05,5308.0,9078880.0,0.47,0.09,16.7394,
2026-09-09 11:25:00,17.11,17.1,17.12,17.05,-0.06,-0.01,9982.0,17050332.0,0.41,0.17,16.747799999999998,
2026-09-09 11:30:00,17.1,17.05,17.1,17.05,-0.29,-0.05,5789.0,9881814.0,0.29,0.1,16.7558,
2026-09-09 13:05:00,17.04,17.04,17.16,17.02,-0.06,-0.01,11010.0,18802225.0,0.82,0.19,16.7636,
2026-09-09 13:10:00,17.03,17.07,17.08,16.97,0.18,0.03,11679.0,19884539.0,0.65,0.2,16.771,
2026-09-09 13:15:00,17.05,17.01,17.08,17.0,-0.35,-0.06,7849.0,13381691.0,0.47,0.13,16.779600000000002,
2026-09-09 13:20:00,17.01,16.92,17.02,16.91,-0.53,-0.09,15370.0,26066865.0,0.65,0.26,16.786199999999997,
2026-09-09 13:25:00,16.92,16.97,16.99,16.92,0.3,0.05,11103.0,18828828.0,0.41,0.19,16.793999999999997,
2026-09-09 13:30:00,16.97,16.92,16.99,16.92,-0.29,-0.05,10963.0,18587470.0,0.41,0.18,16.801000000000002,
2026-09-09 13:35:00,16.91,16.94,16.95,16.9,0.12,0.02,8589.0,14531546.0,0.3,0.14,16.8082,
2026-09-09 13:40:00,16.93,16.9,16.93,16.89,-0.24,-0.04,12520.0,21167462.0,0.24,0.21,16.8138,
2026-09-09 13:45:00,16.91,16.88,16.94,16.88,-0.12,-0.02,9530.0,16114922.0,0.36,0.16,16.8206,
2026-09-09 13:50:00,16.88,16.88,16.9,16.85,0.0,0.0,15190.0,25624497.0,0.3,0.26,16.8266,
2026-09-09 13:55:00,16.87,16.89,16.9,16.84,0.06,0.01,8187.0,13810197.0,0.36,0.14,16.8334,
2026-09-09 14:00:00,16.9,16.95,16.96,16.89,0.36,0.06,7946.0,13448149.0,0.41,0.13,16.8416,
2026-09-09 14:05:00,16.95,16.89,16.96,16.86,-0.35,-0.06,14029.0,23705539.0,0.59,0.24,16.848799999999997,
2026-09-09 14:10:00,16.89,16.86,16.9,16.86,-0.18,-0.03,16787.0,28330181.0,0.24,0.28,16.8556,
2026-09-09 14:15:00,16.87,16.87,16.88,16.85,0.06,0.01,11688.0,19711376.0,0.18,0.2,16.863799999999998,
2026-09-09 14:20:00,16.86,16.9,16.92,16.86,0.18,0.03,11159.0,18842052.0,0.36,0.19,16.872,
2026-09-09 14:25:00,16.88,16.98,16.99,16.88,0.47,0.08,16018.0,27125725.0,0.65,0.27,16.8824,
2026-09-09 14:30:00,16.98,16.94,17.0,16.9,-0.24,-0.04,16252.0,27529490.0,0.59,0.27,16.893600000000003,
2026-09-09 14:35:00,16.95,16.94,16.97,16.93,0.0,0.0,15481.0,26236302.0,0.24,0.26,16.9044,
2026-09-09 14:40:00,16.94,16.97,16.98,16.94,0.18,0.03,18743.0,31787774.0,0.24,0.32,16.9148,
2026-09-09 14:45:00,16.96,16.95,16.97,16.94,-0.12,-0.02,14325.0,24280664.0,0.18,0.24,16.925,
2026-09-09 14:50:00,16.95,16.96,16.96,16.94,0.06,0.01,15905.0,26966535.0,0.12,0.27,16.9352,
2026-09-09 14:55:00,16.95,16.97,16.97,16.94,0.06,0.01,25617.0,43440788.0,0.18,0.43,16.9448,
2026-09-09 15:00:00,16.96,17.0,17.0,16.95,0.18,0.03,30043.0,51003317.0,0.29,0.5,16.9544,
2026-09-10 09:35:00,16.8,17.03,17.23,16.67,0.18,0.03,120739.0,204747641.0,3.29,2.03,16.9648,
2026-09-10 09:40:00,17.03,17.23,17.3,16.94,1.17,0.2,85917.0,147120228.0,2.11,1.44,16.9788,
2026-09-10 09:45:00,17.23,17.5,17.59,17.17,1.57,0.27,99480.0,172901502.0,2.44,1.67,16.9942,
2026-09-10 09:50:00,17.5,17.51,17.6,17.35,0.06,0.01,94045.0,164450257.0,1.43,1.58,17.0094,
2026-09-10 09:55:00,17.5,17.89,17.9,17.5,2.17,0.38,116563.0,206375674.0,2.28,1.96,17.031599999999997,
2026-09-10 10:00:00,17.89,17.64,17.9,17.6,-1.4,-0.25,77026.0,136488559.0,1.68,1.29,17.0506,
2026-09-10 10:05:00,17.65,17.58,17.7,17.52,-0.34,-0.06,41208.0,72515666.0,1.02,0.69,17.0652,
2026-09-10 10:10:00,17.58,17.75,17.85,17.58,0.97,0.17,42241.0,74872684.0,1.54,0.71,17.0816,
2026-09-10 10:15:00,17.78,17.95,17.97,17.69,1.13,0.2,49645.0,88483438.0,1.58,0.83,17.1018,
2026-09-10 10:20:00,17.95,18.1,18.18,17.86,0.84,0.15,85642.0,154199168.0,1.78,1.44,17.1254,
2026-09-10 10:25:00,18.0,18.0,18.0,17.85,-0.55,-0.1,33320.0,59683515.0,0.83,0.56,17.144,
2026-09-10 10:30:00,18.01,18.7,18.7,17.91,3.89,0.7,120737.0,222934872.0,4.39,2.03,17.174400000000002,
2026-09-10 10:35:00,18.7,18.7,18.7,18.7,0.0,0.0,18760.0,35081200.0,0.0,0.32,17.2052,
2026-09-10 10:40:00,18.7,18.7,18.7,18.7,0.0,0.0,9413.0,17602310.0,0.0,0.16,17.2366,
2026-09-10 10:45:00,18.7,18.7,18.7,18.7,0.0,0.0,5883.0,11001210.0,0.0,0.1,17.268,
2026-09-10 10:50:00,18.7,18.7,18.7,18.7,0.0,0.0,2718.0,5082660.0,0.0,0.05,17.2994,
2026-09-10 10:55:00,18.7,18.7,18.7,18.7,0.0,0.0,1679.0,3139730.0,0.0,0.03,17.3328,
2026-09-10 11:00:00,18.7,18.7,18.7,18.7,0.0,0.0,1952.0,3650240.0,0.0,0.03,17.3654,
2026-09-10 11:05:00,18.7,18.7,18.7,18.7,0.0,0.0,1570.0,2935900.0,0.0,0.03,17.398,
2026-09-10 11:10:00,18.7,18.7,18.7,18.7,0.0,0.0,2782.0,5202340.0,0.0,0.05,17.432000000000002,
2026-09-10 11:15:00,18.7,18.7,18.7,18.7,0.0,0.0,1404.0,2625480.0,0.0,0.02,17.4638,
2026-09-10 11:20:00,18.7,18.7,18.7,18.7,0.0,0.0,1267.0,2369290.0,0.0,0.02,17.496,
2026-09-10 11:25:00,18.7,18.7,18.7,18.7,0.0,0.0,1632.0,3051840.0,0.0,0.03,17.5288,
2026-09-10 11:30:00,18.7,18.7,18.7,18.7,0.0,0.0,1452.0,2715240.0,0.0,0.02,17.5606,
2026-09-10 13:05:00,18.7,18.7,18.7,18.7,0.0,0.0,3986.0,7454175.0,0.0,0.07,17.5926,
2026-09-10 13:10:00,18.7,18.7,18.7,18.7,0.0,0.0,3038.0,5681060.0,0.0,0.05,17.6256,
2026-09-10 13:15:00,18.7,18.7,18.7,18.7,0.0,0.0,4086.0,7640820.0,0.0,0.07,17.6588,
2026-09-10 13:20:00,18.7,18.7,18.7,18.7,0.0,0.0,2048.0,3829760.0,0.0,0.03,17.6914,
2026-09-10 13:25:00,18.7,18.7,18.7,18.7,0.0,0.0,856.0,1600720.0,0.0,0.01,17.7252,
2026-09-10 13:30:00,18.7,18.2,18.7,17.96,-2.67,-0.5,136086.0,251107482.0,3.96,2.29,17.750799999999998,
2026-09-10 13:35:00,18.23,18.16,18.27,18.07,-0.22,-0.04,69708.0,126584995.0,1.1,1.17,17.7746,
2026-09-10 13:40:00,18.16,18.11,18.23,18.11,-0.28,-0.05,37354.0,67921197.0,0.66,0.63,17.7984,
2026-09-10 13:45:00,18.11,18.21,18.21,18.07,0.55,0.1,31127.0,56400194.0,0.77,0.52,17.823800000000002,
2026-09-10 13:50:00,18.16,18.34,18.39,18.16,0.71,0.13,34679.0,63438809.0,1.26,0.58,17.8526,
2026-09-10 13:55:00,18.31,18.7,18.7,18.31,1.96,0.36,72587.0,135569532.0,2.13,1.22,17.889,
2026-09-10 14:00:00,18.7,18.7,18.7,18.7,0.0,0.0,10005.0,18709350.0,0.0,0.17,17.9254,
2026-09-10 14:05:00,18.7,18.7,18.7,18.7,0.0,0.0,4289.0,8020878.0,0.0,0.07,17.961599999999997,
2026-09-10 14:10:00,18.7,18.7,18.7,18.7,0.0,0.0,5296.0,9903520.0,0.0,0.09,17.9966,
2026-09-10 14:15:00,18.7,18.7,18.7,18.7,0.0,0.0,3925.0,7339750.0,0.0,0.07,18.032799999999998,
2026-09-10 14:20:00,18.7,18.7,18.7,18.7,0.0,0.0,7054.0,13191728.0,0.0,0.12,18.0696,
2026-09-10 14:25:00,18.7,18.7,18.7,18.7,0.0,0.0,56658.0,105951208.0,0.0,0.95,18.106199999999998,
2026-09-10 14:30:00,18.7,18.7,18.7,18.7,0.0,0.0,3533.0,6607233.0,0.0,0.06,18.1422,
2026-09-10 14:35:00,18.7,18.7,18.7,18.7,0.0,0.0,2612.0,4884440.0,0.0,0.04,18.1766,
2026-09-10 14:40:00,18.7,18.7,18.7,18.7,0.0,0.0,7187.0,13439690.0,0.0,0.12,18.211799999999997,
2026-09-10 14:45:00,18.7,18.7,18.7,18.7,0.0,0.0,4274.0,7992380.0,0.0,0.07,18.247,
2026-09-10 14:50:00,18.7,18.7,18.7,18.7,0.0,0.0,6449.0,12059630.0,0.0,0.11,18.281599999999997,
2026-09-10 14:55:00,18.7,18.7,18.7,18.7,0.0,0.0,9125.0,17063806.0,0.0,0.15,18.316599999999998,
2026-09-10 15:00:00,18.7,18.7,18.7,18.7,0.0,0.0,9810.0,18344773.0,0.0,0.16,18.3514,
2026-09-11 09:35:00,18.63,18.3,18.68,18.2,-2.14,-0.4,259548.0,477940449.0,2.57,4.36,18.378,
2026-09-11 09:40:00,18.3,18.83,18.88,18.3,2.9,0.53,138759.0,257891770.0,3.17,2.33,18.4146,
2026-09-11 09:45:00,18.86,18.98,19.21,18.7,0.8,0.15,208443.0,394552599.0,2.71,3.5,18.453599999999998,
2026-09-11 09:50:00,18.98,18.7,18.98,18.7,-1.48,-0.28,101806.0,191521373.0,1.48,1.71,18.483,
2026-09-11 09:55:00,18.73,19.02,19.11,18.7,1.71,0.32,77432.0,146530680.0,2.19,1.3,18.5134,
2026-09-11 10:00:00,19.01,19.41,19.54,18.97,2.05,0.39,132556.0,255863721.0,3.0,2.23,18.551399999999997,
2026-09-11 10:05:00,19.42,19.03,19.49,19.0,-1.96,-0.38,82817.0,159311578.0,2.52,1.39,18.5742,
2026-09-11 10:10:00,19.04,19.16,19.24,19.03,0.68,0.13,30901.0,59082616.0,1.1,0.52,18.6046,
2026-09-11 10:15:00,19.16,19.27,19.34,19.12,0.57,0.11,32690.0,62879446.0,1.15,0.55,18.6384,
2026-09-11 10:20:00,19.25,19.19,19.26,19.06,-0.42,-0.08,21345.0,40847378.0,1.04,0.36,18.6672,
2026-09-11 10:25:00,19.19,19.09,19.22,19.09,-0.52,-0.1,21112.0,40441428.0,0.68,0.35,18.689999999999998,
2026-09-11 10:30:00,19.09,19.06,19.1,18.94,-0.16,-0.03,28645.0,54532225.0,0.84,0.48,18.7092,
2026-09-11 10:35:00,19.04,18.89,19.04,18.89,-0.89,-0.17,24512.0,46456415.0,0.79,0.41,18.727,
2026-09-11 10:40:00,18.88,18.84,18.88,18.7,-0.26,-0.05,44416.0,83440612.0,0.95,0.75,18.7298,
2026-09-11 10:45:00,18.84,18.96,18.96,18.72,0.64,0.12,18927.0,35577190.0,1.27,0.32,18.735,
2026-09-11 10:50:00,19.0,19.03,19.11,18.96,0.37,0.07,22901.0,43612015.0,0.79,0.38,18.741600000000002,
2026-09-11 10:55:00,19.03,18.89,19.04,18.89,-0.74,-0.14,13142.0,24951520.0,0.79,0.22,18.7454,
2026-09-11 11:00:00,18.88,18.94,19.05,18.85,0.26,0.05,12289.0,23276010.0,1.06,0.21,18.7502,
2026-09-11 11:05:00,18.94,18.95,19.1,18.94,0.05,0.01,11273.0,21430041.0,0.84,0.19,18.7552,
2026-09-11 11:10:00,18.98,18.88,19.01,18.86,-0.37,-0.07,12648.0,23955624.0,0.79,0.21,18.758799999999997,
2026-09-11 11:15:00,18.88,18.84,18.9,18.81,-0.21,-0.04,11610.0,21901125.0,0.48,0.2,18.7616,
2026-09-11 11:20:00,18.82,18.93,19.03,18.82,0.48,0.09,13283.0,25149937.0,1.11,0.22,18.766199999999998,
2026-09-11 11:25:00,18.95,19.07,19.07,18.93,0.74,0.14,8111.0,15403722.0,0.74,0.14,18.773600000000002,
2026-09-11 11:30:00,19.07,19.23,19.25,19.02,0.84,0.16,20775.0,39791107.0,1.21,0.35,18.784200000000002,
2026-09-11 13:05:00,19.24,20.45,20.57,19.24,6.34,1.22,274331.0,558705317.0,6.92,4.61,18.8192,
2026-09-11 13:10:00,20.44,20.1,20.46,20.01,-1.71,-0.35,40957.0,82770249.0,2.2,0.69,18.8472,
2026-09-11 13:15:00,20.07,20.09,20.19,20.01,-0.05,-0.01,19856.0,39867215.0,0.9,0.33,18.875,
2026-09-11 13:20:00,20.08,20.57,20.57,20.04,2.39,0.48,64021.0,131361756.0,2.64,1.08,18.9124,
2026-09-11 13:25:00,20.57,20.57,20.57,20.57,0.0,0.0,21249.0,43709851.0,0.0,0.36,18.9498,
2026-09-11 13:30:00,20.57,20.57,20.57,20.57,0.0,0.0,7490.0,15407197.0,0.0,0.13,18.987199999999998,
2026-09-11 13:35:00,20.57,20.57,20.57,20.57,0.0,0.0,4756.0,9783092.0,0.0,0.08,19.0246,
2026-09-11 13:40:00,20.57,20.57,20.57,20.57,0.0,0.0,4601.0,9464257.0,0.0,0.08,19.072,
2026-09-11 13:45:00,20.57,20.57,20.57,20.57,0.0,0.0,5199.0,10694343.0,0.0,0.09,19.1202,
2026-09-11 13:50:00,20.57,20.57,20.57,20.57,0.0,0.0,3571.0,7345547.0,0.0,0.06,19.1694,
2026-09-11 13:55:00,20.57,20.57,20.57,20.57,0.0,0.0,1634.0,3361138.0,0.0,0.03,19.2166,
2026-09-11 14:00:00,20.57,20.57,20.57,20.57,0.0,0.0,1683.0,3461643.0,0.0,0.03,19.261200000000002,17.5856
2026-09-11 14:05:00,20.57,20.57,20.57,20.57,0.0,0.0,1355.0,2787235.0,0.0,0.02,19.2986,17.60875
2026-09-11 14:10:00,20.57,20.57,20.57,20.57,0.0,0.0,1145.0,2355655.0,0.0,0.02,19.336000000000002,17.631899999999998
2026-09-11 14:15:00,20.57,20.57,20.57,20.57,0.0,0.0,1812.0,3727284.0,0.0,0.03,19.3734,17.65505
2026-09-11 14:20:00,20.57,20.57,20.57,20.57,0.0,0.0,1529.0,3145153.0,0.0,0.03,19.4108,17.6782
2026-09-11 14:25:00,20.57,20.57,20.57,20.57,0.0,0.0,856.0,1760792.0,0.0,0.01,19.4482,17.70135
2026-09-11 14:30:00,20.57,20.57,20.57,20.57,0.0,0.0,956.0,1966492.0,0.0,0.02,19.485599999999998,17.7245
2026-09-11 14:35:00,20.57,20.57,20.57,20.57,0.0,0.0,999.0,2054943.0,0.0,0.02,19.523000000000003,17.74765
2026-09-11 14:40:00,20.57,20.57,20.57,20.57,0.0,0.0,1857.0,3819849.0,0.0,0.03,19.5604,17.770799999999998
2026-09-11 14:45:00,20.57,20.57,20.57,20.57,0.0,0.0,3321.0,6831297.0,0.0,0.06,19.5978,17.79395
2026-09-11 14:50:00,20.57,20.57,20.57,20.57,0.0,0.0,1566.0,3221262.0,0.0,0.03,19.6352,17.8171
2026-09-11 14:55:00,20.57,20.57,20.57,20.57,0.0,0.0,5062.0,10412534.0,0.0,0.09,19.6726,17.840249999999997
2026-09-11 15:00:00,20.57,20.57,20.57,20.57,0.0,0.0,10559.0,21719328.0,0.0,0.18,19.71,17.8634
2026-09-14 09:35:00,20.8,21.83,21.83,20.79,6.13,1.26,608624.0,1286297711.0,5.06,10.23,19.7726,17.89285
2026-09-14 09:40:00,21.99,22.58,22.63,21.77,3.44,0.75,309196.0,690067129.0,3.94,5.2,19.8502,17.92605
2026-09-14 09:45:00,22.48,22.63,22.63,22.38,0.22,0.05,128852.0,291187259.0,1.11,2.17,19.9368,17.959500000000002
2026-09-14 09:50:00,22.63,22.63,22.63,22.63,0.0,0.0,27331.0,61850053.0,0.0,0.46,20.0128,17.99295
2026-09-14 09:55:00,22.63,22.63,22.63,22.63,0.0,0.0,9712.0,21978256.0,0.0,0.16,20.085800000000003,18.0264
2026-09-14 10:00:00,22.63,22.63,22.63,22.63,0.0,0.0,6157.0,13933291.0,0.0,0.1,20.1644,18.059849999999997
2026-09-14 10:05:00,22.63,22.63,22.63,22.63,0.0,0.0,2506.0,5671078.0,0.0,0.04,20.2366,18.0933
2026-09-14 10:10:00,22.63,22.63,22.63,22.63,0.0,0.0,4458.0,10088454.0,0.0,0.07,20.301000000000002,18.12675
2026-09-14 10:15:00,22.63,22.63,22.63,22.63,0.0,0.0,4185.0,9470043.0,0.0,0.07,20.373,18.15425
2026-09-14 10:20:00,22.63,22.63,22.63,22.63,0.0,0.0,1482.0,3352883.0,0.0,0.02,20.4424,18.1824
2026-09-14 10:25:00,22.63,22.63,22.63,22.63,0.0,0.0,1234.0,2792542.0,0.0,0.02,20.5096,18.21005
2026-09-14 10:30:00,22.63,22.63,22.63,22.63,0.0,0.0,3075.0,6958725.0,0.0,0.05,20.578400000000002,18.23965
2026-09-14 10:35:00,22.63,22.63,22.63,22.63,0.0,0.0,854.0,1932602.0,0.0,0.01,20.6492,18.2697
2026-09-14 10:40:00,22.63,22.63,22.63,22.63,0.0,0.0,1394.0,3154395.0,0.0,0.02,20.7206,18.30015
2026-09-14 10:45:00,22.63,22.63,22.63,22.63,0.0,0.0,1065.0,2410095.0,0.0,0.02,20.7954,18.3302
2026-09-14 10:50:00,22.63,22.63,22.63,22.63,0.0,0.0,915.0,2070645.0,0.0,0.02,20.871199999999998,18.3593
2026-09-14 10:55:00,22.63,22.63,22.63,22.63,0.0,0.0,956.0,2163428.0,0.0,0.02,20.9446,18.3888
2026-09-14 11:00:00,22.63,22.63,22.63,22.63,0.0,0.0,1474.0,3336748.0,0.0,0.02,21.016599999999997,18.418149999999997
2026-09-14 11:05:00,22.63,22.63,22.63,22.63,0.0,0.0,967.0,2188321.0,0.0,0.02,21.091400000000004,18.44735
2026-09-14 11:10:00,22.63,22.63,22.63,22.63,0.0,0.0,547.0,1237861.0,0.0,0.01,21.1652,18.47635
2026-09-14 11:15:00,22.63,22.63,22.63,22.63,0.0,0.0,735.0,1663305.0,0.0,0.01,21.2388,18.5051
2026-09-14 11:20:00,22.63,22.63,22.63,22.63,0.0,0.0,884.0,2000492.0,0.0,0.01,21.3138,18.53445
2026-09-14 11:25:00,22.63,22.63,22.63,22.63,0.0,0.0,545.0,1233335.0,0.0,0.01,21.3896,18.563699999999997
2026-09-14 11:30:00,22.63,22.63,22.63,22.63,0.0,0.0,833.0,1885079.0,0.0,0.01,21.463599999999996,18.592950000000002
2026-09-14 13:05:00,22.63,22.63,22.63,22.63,0.0,0.0,2988.0,6761844.0,0.0,0.05,21.5348,18.6224
2026-09-14 13:10:00,22.63,22.63,22.63,22.63,0.0,0.0,1291.0,2921533.0,0.0,0.02,21.6028,18.65185
2026-09-14 13:15:00,22.63,22.63,22.63,22.63,0.0,0.0,3084.0,6979092.0,0.0,0.05,21.6464,18.68155
2026-09-14 13:20:00,22.63,22.63,22.63,22.63,0.0,0.0,498.0,1126974.0,0.0,0.01,21.697,18.71105
2026-09-14 13:25:00,22.63,22.63,22.63,22.63,0.0,0.0,922.0,2086486.0,0.0,0.02,21.7478,18.7408
2026-09-14 13:30:00,22.63,22.63,22.63,22.63,0.0,0.0,813.0,1839819.0,0.0,0.01,21.788999999999998,18.770699999999998
2026-09-14 13:35:00,22.63,22.63,22.63,22.63,0.0,0.0,633.0,1432479.0,0.0,0.01,21.8302,18.8006
2026-09-14 13:40:00,22.63,22.63,22.63,22.63,0.0,0.0,887.0,2007281.0,0.0,0.01,21.871399999999998,18.83025
2026-09-14 13:45:00,22.63,22.63,22.63,22.63,0.0,0.0,703.0,1590889.0,0.0,0.01,21.9126,18.8605
2026-09-14 13:50:00,22.63,22.63,22.63,22.63,0.0,0.0,908.0,2054804.0,0.0,0.02,21.953799999999998,18.8907
2026-09-14 13:55:00,22.63,22.63,22.63,22.63,0.0,0.0,503.0,1138289.0,0.0,0.01,21.995,18.92095
2026-09-14 14:00:00,22.63,22.63,22.63,22.63,0.0,0.0,474.0,1072662.0,0.0,0.01,22.036199999999997,18.95125
2026-09-14 14:05:00,22.63,22.63,22.63,22.63,0.0,0.0,1639.0,3709057.0,0.0,0.03,22.077399999999997,18.9815
2026-09-14 14:10:00,22.63,22.63,22.63,22.63,0.0,0.0,763.0,1726669.0,0.0,0.01,22.118599999999997,19.01155
2026-09-14 14:15:00,22.63,22.63,22.63,22.63,0.0,0.0,998.0,2258474.0,0.0,0.02,22.1598,19.041999999999998
2026-09-14 14:20:00,22.63,22.63,22.63,22.63,0.0,0.0,665.0,1504895.0,0.0,0.01,22.201,19.07225
2026-09-14 14:25:00,22.63,22.63,22.63,22.63,0.0,0.0,966.0,2186058.0,0.0,0.02,22.242199999999997,19.10265
2026-09-14 14:30:00,22.63,22.63,22.63,22.63,0.0,0.0,720.0,1629654.0,0.0,0.01,22.283399999999997,19.1331
2026-09-14 14:35:00,22.63,22.63,22.63,22.63,0.0,0.0,663.0,1500369.0,0.0,0.01,22.3246,19.1636
2026-09-14 14:40:00,22.63,22.63,22.63,22.63,0.0,0.0,683.0,1545629.0,0.0,0.01,22.3658,19.19415
2026-09-14 14:45:00,22.63,22.63,22.63,22.63,0.0,0.0,1782.0,4032666.0,0.0,0.03,22.406999999999996,19.225
2026-09-14 14:50:00,22.63,22.63,22.63,22.63,0.0,0.0,848.0,1919024.0,0.0,0.01,22.4482,19.2557
2026-09-14 14:55:00,22.63,22.63,22.63,22.63,0.0,0.0,2123.0,4804349.0,0.0,0.04,22.4894,19.28655
2026-09-14 15:00:00,22.63,22.63,22.63,22.63,0.0,0.0,1912.0,4326923.0,0.0,0.03,22.5306,19.3178
2026-09-15 09:35:00,23.0,24.75,24.88,22.8,9.37,2.12,528835.0,1279086953.0,9.19,8.89,22.6142,19.35955
2026-09-15 09:40:00,24.74,24.17,24.89,23.67,-2.34,-0.58,337111.0,826243053.0,4.93,5.67,22.6862,19.39815
2026-09-15 09:45:00,24.17,24.1,24.2,23.49,-0.29,-0.07,185390.0,442610600.0,2.94,3.12,22.7316,19.43645
2026-09-15 09:50:00,24.1,23.9,24.19,23.78,-0.83,-0.2,75539.0,181323816.0,1.7,1.27,22.757999999999996,19.473699999999997
2026-09-15 09:55:00,23.89,23.81,24.1,23.81,-0.38,-0.09,42605.0,102096482.0,1.21,0.72,22.781599999999997,19.5103
2026-09-15 10:00:00,23.8,24.41,24.46,23.8,2.52,0.6,57299.0,138110787.0,2.77,0.96,22.8172,19.54975
2026-09-15 10:05:00,24.4,24.8,24.89,24.05,1.6,0.39,119574.0,294657832.0,3.44,2.01,22.860599999999998,19.5912
2026-09-15 10:10:00,24.87,24.49,24.87,24.47,-1.25,-0.31,46869.0,115667016.0,1.61,0.79,22.897799999999997,19.631
2026-09-15 10:15:00,24.48,24.02,24.49,24.02,-1.92,-0.47,36919.0,89658886.0,1.92,0.62,22.9256,19.66745
2026-09-15 10:20:00,24.04,24.16,24.35,23.88,0.58,0.14,36491.0,87897444.0,1.96,0.61,22.9562,19.7045
2026-09-15 10:25:00,24.17,24.38,24.48,24.15,0.91,0.22,25022.0,60844068.0,1.37,0.42,22.991200000000003,19.7425
2026-09-15 10:30:00,24.36,24.27,24.38,24.19,-0.45,-0.11,14773.0,35873724.0,0.78,0.25,23.024,19.7804
2026-09-15 10:35:00,24.26,24.12,24.34,24.03,-0.62,-0.15,32540.0,78449483.0,1.28,0.55,23.053800000000003,19.81675
2026-09-15 10:40:00,24.13,23.98,24.13,23.84,-0.58,-0.14,33720.0,80716917.0,1.2,0.57,23.0808,19.852
2026-09-15 10:45:00,24.0,23.78,24.0,23.77,-0.83,-0.2,33539.0,80049562.0,0.96,0.56,23.103799999999996,19.8862
2026-09-15 10:50:00,23.8,23.71,23.87,23.58,-0.29,-0.07,62195.0,147305164.0,1.22,1.05,23.1254,19.92015
2026-09-15 10:55:00,23.71,23.7,23.88,23.68,-0.04,-0.01,27463.0,65285730.0,0.84,0.46,23.1468,19.953300000000002
2026-09-15 11:00:00,23.71,23.64,23.71,23.55,-0.25,-0.06,36215.0,85487441.0,0.68,0.61,23.166999999999998,19.985599999999998
2026-09-15 11:05:00,23.64,23.65,23.9,23.64,0.04,0.01,24332.0,57840805.0,1.1,0.41,23.187399999999997,20.018050000000002
2026-09-15 11:10:00,23.65,23.68,23.72,23.61,0.13,0.03,16444.0,38902934.0,0.47,0.28,23.2084,20.0508
2026-09-15 11:15:00,23.68,23.76,23.78,23.67,0.34,0.08,16195.0,38403247.0,0.46,0.27,23.230999999999998,20.08395
2026-09-15 11:20:00,23.77,23.85,23.9,23.76,0.38,0.09,18942.0,45148482.0,0.59,0.32,23.255399999999998,20.11755
2026-09-15 11:25:00,23.85,23.96,24.1,23.85,0.46,0.11,16421.0,39319293.0,1.05,0.28,23.281999999999996,20.1522
2026-09-15 11:30:00,23.97,23.9,23.98,23.84,-0.25,-0.06,10966.0,26219963.0,0.58,0.18,23.3074,20.18635
2026-09-15 13:05:00,23.86,23.83,23.92,23.76,-0.29,-0.07,17137.0,40887608.0,0.67,0.29,23.3314,20.22015
2026-09-15 13:10:00,23.83,23.79,23.87,23.75,-0.17,-0.04,11337.0,27002604.0,0.5,0.19,23.3546,20.2541
2026-09-15 13:15:00,23.8,23.9,23.95,23.78,0.46,0.11,20302.0,48398028.0,0.71,0.34,23.38,20.288050000000002
2026-09-15 13:20:00,23.91,23.87,23.93,23.81,-0.13,-0.03,9579.0,22872516.0,0.5,0.16,23.4048,20.32195
2026-09-15 13:25:00,23.87,23.88,23.92,23.81,0.04,0.01,11288.0,26938503.0,0.46,0.19,23.4298,20.35605
2026-09-15 13:30:00,23.88,23.77,23.88,23.76,-0.46,-0.11,12821.0,30510922.0,0.5,0.22,23.452600000000004,20.38935
2026-09-15 13:35:00,23.77,23.72,23.8,23.66,-0.21,-0.05,16829.0,39944241.0,0.59,0.28,23.4744,20.422449999999998
2026-09-15 13:40:00,23.7,23.7,23.74,23.6,-0.08,-0.02,19220.0,45449527.0,0.59,0.32,23.4958,20.4557
2026-09-15 13:45:00,23.69,23.73,23.78,23.68,0.13,0.03,16505.0,39152686.0,0.42,0.28,23.517799999999998,20.48915
2026-09-15 13:50:00,23.72,23.71,23.74,23.66,-0.08,-0.02,15422.0,36553651.0,0.34,0.26,23.5394,20.522350000000003
2026-09-15 13:55:00,23.72,23.73,23.74,23.69,0.08,0.02,13577.0,32206641.0,0.21,0.23,23.5614,20.55595
2026-09-15 14:00:00,23.72,24.1,24.1,23.62,1.56,0.37,28846.0,68605455.0,2.02,0.48,23.590799999999998,20.59185
2026-09-15 14:05:00,24.1,23.98,24.25,23.95,-0.5,-0.12,36834.0,88839173.0,1.24,0.62,23.6178,20.6269
2026-09-15 14:10:00,23.97,24.14,24.14,23.9,0.67,0.16,14534.0,34927524.0,1.0,0.24,23.648000000000003,20.662999999999997
2026-09-15 14:15:00,24.12,23.92,24.12,23.92,-0.91,-0.22,11150.0,26782723.0,0.83,0.19,23.6738,20.6979
2026-09-15 14:20:00,23.93,23.94,24.01,23.85,0.08,0.02,14247.0,34081399.0,0.67,0.24,23.7,20.7331
2026-09-15 14:25:00,23.93,23.87,23.96,23.8,-0.29,-0.07,13034.0,31129992.0,0.67,0.22,23.724800000000002,20.76805
2026-09-15 14:30:00,23.88,23.88,23.93,23.85,0.04,0.01,11636.0,27782353.0,0.34,0.2,23.7498,20.803050000000002
2026-09-15 14:35:00,23.89,23.83,23.93,23.78,-0.21,-0.05,21522.0,51285536.0,0.63,0.36,23.7738,20.83775
2026-09-15 14:40:00,23.82,23.77,23.82,23.66,-0.25,-0.06,32607.0,77338012.0,0.67,0.55,23.7966,20.87185
2026-09-15 14:45:00,23.77,23.84,23.92,23.77,0.29,0.07,27637.0,65941060.0,0.63,0.46,23.8208,20.906599999999997
2026-09-15 14:50:00,23.84,23.85,24.02,23.82,0.04,0.01,32206.0,76992043.0,0.84,0.54,23.8452,20.941550000000003
2026-09-15 14:55:00,23.85,23.76,23.87,23.76,-0.38,-0.09,63004.0,149952719.0,0.46,1.06,23.867800000000003,20.976000000000003
2026-09-15 15:00:00,23.72,23.9,23.9,23.67,0.59,0.14,98766.0,235146283.0,0.97,1.66,23.893199999999997,21.011
2026-09-16 09:35:00,23.02,23.47,23.9,23.02,-1.8,-0.43,341160.0,800735742.0,3.68,5.73,23.91,21.043450000000004
2026-09-16 09:40:00,23.47,23.5,23.83,23.33,0.13,0.03,131533.0,310322449.0,2.13,2.21,23.9274,21.07625
2026-09-16 09:45:00,23.48,23.6,23.81,23.42,0.43,0.1,73132.0,172801952.0,1.66,1.23,23.904399999999995,21.10955
2026-09-16 09:50:00,23.58,23.78,24.28,23.58,0.76,0.18,112604.0,269358800.0,2.97,1.89,23.896600000000003,21.143600000000003
2026-09-16 09:55:00,23.78,23.78,23.94,23.71,0.0,0.0,43078.0,102632404.0,0.97,0.72,23.8902,21.17775
2026-09-16 10:00:00,23.77,23.49,23.77,23.49,-1.22,-0.29,49751.0,117387804.0,1.18,0.84,23.882,21.2104
2026-09-16 10:05:00,23.48,23.52,23.66,23.4,0.13,0.03,52055.0,122266095.0,1.11,0.87,23.876199999999997,21.24315
2026-09-16 10:10:00,23.56,23.79,23.81,23.47,1.15,0.27,34699.0,82015771.0,1.45,0.58,23.8638,21.2771
2026-09-16 10:15:00,23.8,23.5,23.8,23.49,-1.22,-0.29,29109.0,68727308.0,1.3,0.49,23.8378,21.309450000000002
2026-09-16 10:20:00,23.52,23.49,23.62,23.48,-0.04,-0.01,28710.0,67620712.0,0.6,0.48,23.817800000000002,21.34075
2026-09-16 10:25:00,23.49,23.46,23.51,23.39,-0.13,-0.03,30872.0,72348022.0,0.51,0.52,23.806600000000003,21.370549999999998
2026-09-16 10:30:00,23.46,23.47,23.55,23.4,0.04,0.01,24286.0,56993499.0,0.64,0.41,23.792800000000003,21.400350000000003
2026-09-16 10:35:00,23.47,23.62,23.73,23.3,0.64,0.15,49893.0,116916992.0,1.83,0.84,23.777599999999996,21.429000000000002
2026-09-16 10:40:00,23.63,23.52,23.79,23.51,-0.42,-0.1,35675.0,84455010.0,1.19,0.6,23.7626,21.458399999999997
2026-09-16 10:45:00,23.54,23.52,23.64,23.45,0.0,0.0,14095.0,33162781.0,0.81,0.24,23.7506,21.4881
2026-09-16 10:50:00,23.53,23.72,23.73,23.44,0.85,0.2,28646.0,67593055.0,1.23,0.48,23.7454,21.517949999999995
2026-09-16 10:55:00,23.72,23.85,23.9,23.68,0.55,0.13,29080.0,69221283.0,0.93,0.49,23.746800000000004,21.547449999999998
2026-09-16 11:00:00,23.85,23.86,23.98,23.76,0.04,0.01,28971.0,69177950.0,0.92,0.49,23.7498,21.57625
2026-09-16 11:05:00,23.86,23.75,23.94,23.75,-0.46,-0.11,14891.0,35531314.0,0.8,0.25,23.750799999999998,21.605
2026-09-16 11:10:00,23.75,23.73,23.84,23.72,-0.08,-0.02,11166.0,26543744.0,0.51,0.19,23.7526,21.63015
2026-09-16 11:15:00,23.73,23.99,24.1,23.73,1.1,0.26,47810.0,114662530.0,1.56,0.8,23.7594,21.656599999999997
2026-09-16 11:20:00,23.99,23.91,23.99,23.89,-0.33,-0.08,13039.0,31211670.0,0.42,0.22,23.763999999999996,21.68265
2026-09-16 11:25:00,23.9,24.08,24.11,23.86,0.71,0.17,37434.0,90001896.0,1.05,0.63,23.7704,21.70955
2026-09-16 11:30:00,24.07,24.29,24.32,24.02,0.87,0.21,40137.0,97110728.0,1.25,0.67,23.7792,21.7375
2026-09-16 13:05:00,24.35,24.06,24.5,24.06,-0.95,-0.23,58173.0,141104281.0,1.81,0.98,23.7812,21.7643
2026-09-16 13:10:00,24.12,24.41,24.41,24.06,1.45,0.35,26987.0,65511660.0,1.45,0.45,23.7914,21.792849999999998
2026-09-16 13:15:00,24.38,24.41,24.49,24.31,0.0,0.0,26749.0,65335104.0,0.74,0.45,23.802999999999997,21.821399999999997
2026-09-16 13:20:00,24.41,24.33,24.45,24.27,-0.33,-0.08,17851.0,43511600.0,0.74,0.3,23.8138,21.84955
2026-09-16 13:25:00,24.33,24.18,24.38,24.15,-0.62,-0.15,15646.0,37960666.0,0.95,0.26,23.819399999999995,21.87695
2026-09-16 13:30:00,24.17,24.22,24.26,24.09,0.17,0.04,14081.0,34016900.0,0.7,0.24,23.8264,21.90455
2026-09-16 13:35:00,24.21,24.2,24.21,24.1,-0.08,-0.02,10488.0,25338646.0,0.45,0.18,23.8328,21.93205
2026-09-16 13:40:00,24.2,24.36,24.36,24.13,0.66,0.16,11298.0,27368493.0,0.95,0.19,23.8446,21.96035
2026-09-16 13:45:00,24.36,24.25,24.36,24.2,-0.45,-0.11,10383.0,25209142.0,0.66,0.17,23.8552,21.9881
2026-09-16 13:50:00,24.26,24.31,24.38,24.22,0.25,0.06,14481.0,35173376.0,0.66,0.24,23.867400000000004,22.016150000000003
2026-09-16 13:55:00,24.31,24.35,24.35,24.22,0.16,0.04,8210.0,19935492.0,0.53,0.14,23.8798,22.044399999999996
2026-09-16 14:00:00,24.35,24.28,24.35,24.24,-0.29,-0.07,7330.0,17800298.0,0.45,0.12,23.891199999999998,22.0723
2026-09-16 14:05:00,24.27,24.25,24.27,24.14,-0.12,-0.03,13822.0,33449855.0,0.54,0.23,23.9016,22.10005
2026-09-16 14:10:00,24.32,24.43,24.6,24.28,0.74,0.18,41516.0,101406642.0,1.32,0.7,23.9082,22.1312
2026-09-16 14:15:00,24.43,24.52,24.57,24.33,0.37,0.09,25162.0,61558043.0,0.98,0.42,23.919,22.163
2026-09-16 14:20:00,24.55,24.93,25.01,24.5,1.67,0.41,77134.0,190852165.0,2.08,1.3,23.9348,22.1971
2026-09-16 14:25:00,24.97,25.08,25.34,24.81,0.6,0.15,109329.0,274697261.0,2.13,1.84,23.958,22.23145
2026-09-16 14:30:00,25.1,25.04,25.5,25.01,-0.16,-0.04,60116.0,151890016.0,1.95,1.01,23.98,22.26495
2026-09-16 14:35:00,25.03,25.04,25.12,24.98,0.0,0.0,28579.0,71519231.0,0.56,0.48,24.003399999999996,22.29665
2026-09-16 14:40:00,25.04,24.9,25.04,24.83,-0.56,-0.14,22889.0,57053827.0,0.84,0.38,24.0238,22.32765
2026-09-16 14:45:00,24.89,24.85,24.9,24.77,-0.2,-0.05,26945.0,66935212.0,0.52,0.45,24.044199999999996,22.358400000000003
2026-09-16 14:50:00,24.85,24.92,25.0,24.85,0.28,0.07,24803.0,61863252.0,0.6,0.42,24.0672,22.3895
2026-09-16 14:55:00,24.92,25.12,25.13,24.92,0.8,0.2,41708.0,104380679.0,0.84,0.7,24.0928,22.421599999999998
2026-09-16 15:00:00,25.11,25.12,25.13,25.05,0.0,0.0,54095.0,135820578.0,0.32,0.91,24.118199999999998,22.453699999999998
2026-09-17 09:35:00,24.39,24.68,25.07,24.05,-1.75,-0.44,234960.0,575065882.0,4.06,3.95,24.136599999999998,22.483600000000003
2026-09-17 09:40:00,24.7,24.56,24.84,24.44,-0.49,-0.12,85294.0,210282597.0,1.62,1.43,24.1498,22.5129
2026-09-17 09:45:00,24.57,24.64,24.75,24.51,0.33,0.08,58167.0,143218395.0,0.98,0.98,24.1732,22.542600000000004
2026-09-17 09:50:00,24.64,24.41,24.72,24.33,-0.93,-0.23,69077.0,169046073.0,1.58,1.16,24.191399999999998,22.57115
2026-09-17 09:55:00,24.38,24.17,24.5,24.14,-0.98,-0.24,85450.0,207534726.0,1.47,1.44,24.202800000000003,22.598499999999998
2026-09-17 10:00:00,24.18,24.19,24.35,23.95,0.08,0.02,103982.0,250418773.0,1.65,1.75,24.211,22.62595
2026-09-17 10:05:00,24.2,23.94,24.27,23.76,-1.03,-0.25,73787.0,176628978.0,2.11,1.24,24.2142,22.652150000000002
2026-09-17 10:10:00,23.91,24.23,24.28,23.9,1.21,0.29,46973.0,113137130.0,1.59,0.79,24.228999999999996,22.6798
2026-09-17 10:15:00,24.21,24.02,24.22,23.97,-0.87,-0.21,26988.0,64973373.0,1.03,0.45,24.239,22.7084
2026-09-17 10:20:00,24.03,24.06,24.08,23.89,0.17,0.04,35637.0,85457899.0,0.79,0.6,24.2444,22.73455
2026-09-17 10:25:00,24.06,24.0,24.15,23.97,-0.25,-0.06,25175.0,60571780.0,0.75,0.42,24.2544,22.759649999999997
2026-09-17 10:30:00,24.0,24.25,24.3,23.96,1.04,0.25,27455.0,66196331.0,1.42,0.46,24.2696,22.787399999999998
2026-09-17 10:35:00,24.25,24.52,24.58,24.08,1.11,0.27,25031.0,60849825.0,2.06,0.42,24.2908,22.8149
2026-09-17 10:40:00,24.5,24.66,24.86,24.44,0.57,0.14,63123.0,155810210.0,1.71,1.06,24.314599999999995,22.84115
2026-09-17 10:45:00,24.65,24.46,24.66,24.37,-0.81,-0.2,21194.0,52040201.0,1.18,0.36,24.3314,22.868299999999998
2026-09-17 10:50:00,24.41,24.35,24.44,24.3,-0.45,-0.11,15537.0,37871215.0,0.57,0.26,24.348000000000003,22.894250000000003
2026-09-17 10:55:00,24.34,24.33,24.43,24.3,-0.08,-0.02,12666.0,30866585.0,0.53,0.21,24.3642,22.91955
2026-09-17 11:00:00,24.35,24.44,24.51,24.3,0.45,0.11,12553.0,30645744.0,0.86,0.21,24.378600000000002,22.9458
2026-09-17 11:05:00,24.43,24.38,24.52,24.38,-0.25,-0.06,11737.0,28670481.0,0.57,0.2,24.389199999999995,22.97225
2026-09-17 11:10:00,24.38,24.3,24.38,24.24,-0.33,-0.08,10402.0,25270082.0,0.57,0.17,24.398000000000003,22.998450000000002
2026-09-17 11:15:00,24.27,24.21,24.33,24.21,-0.37,-0.09,12425.0,30118625.0,0.49,0.21,24.4072,23.02505
2026-09-17 11:20:00,24.21,24.2,24.29,24.13,-0.04,-0.01,9884.0,23928025.0,0.66,0.17,24.4166,23.051849999999998
2026-09-17 11:25:00,24.19,24.22,24.28,24.13,0.08,0.02,8397.0,20318028.0,0.62,0.14,24.4212,23.07815
2026-09-17 11:30:00,24.22,24.32,24.4,24.17,0.41,0.1,9260.0,22493140.0,0.95,0.16,24.4294,23.1046
2026-09-17 13:05:00,24.34,24.39,24.4,24.23,0.29,0.07,12240.0,29764162.0,0.7,0.21,24.4356,23.1321
2026-09-17 13:10:00,24.39,24.18,24.4,24.18,-0.86,-0.21,8046.0,19531676.0,0.9,0.14,24.433400000000002,23.1583
2026-09-17 13:15:00,24.18,24.27,24.34,24.18,0.37,0.09,7602.0,18437059.0,0.66,0.13,24.437600000000003,23.184900000000003
2026-09-17 13:20:00,24.26,24.34,24.35,24.23,0.29,0.07,6930.0,16824018.0,0.49,0.12,24.4362,23.212200000000003
2026-09-17 13:25:00,24.35,24.28,24.42,24.23,-0.25,-0.06,11632.0,28310345.0,0.78,0.2,24.433600000000002,23.2394
2026-09-17 13:30:00,24.29,24.31,24.35,24.25,0.12,0.03,6939.0,16865405.0,0.41,0.12,24.433199999999996,23.266299999999998
2026-09-17 13:35:00,24.3,24.25,24.3,24.21,-0.25,-0.06,7747.0,18783306.0,0.37,0.13,24.4346,23.292199999999998
2026-09-17 13:40:00,24.25,24.19,24.26,24.16,-0.25,-0.06,10032.0,24273212.0,0.41,0.17,24.434,23.316999999999997
2026-09-17 13:45:00,24.2,24.17,24.23,24.17,-0.08,-0.02,8946.0,21640195.0,0.25,0.15,24.433400000000002,23.3356
2026-09-17 13:50:00,24.16,24.18,24.18,24.1,0.04,0.01,14407.0,34762487.0,0.33,0.24,24.4298,23.356000000000005
2026-09-17 13:55:00,24.18,24.15,24.19,24.09,-0.12,-0.03,10575.0,25523490.0,0.41,0.18,24.427799999999998,23.3763
2026-09-17 14:00:00,24.15,24.04,24.15,24.04,-0.46,-0.11,15392.0,37059472.0,0.46,0.26,24.422399999999996,23.393649999999997
2026-09-17 14:05:00,24.04,24.17,24.17,24.04,0.54,0.13,12407.0,29911056.0,0.54,0.21,24.4188,23.411649999999998
2026-09-17 14:10:00,24.16,24.11,24.2,24.07,-0.25,-0.06,14493.0,34964539.0,0.54,0.24,24.415399999999998,23.42935
2026-09-17 14:15:00,24.11,24.24,24.27,24.09,0.54,0.13,14944.0,36138064.0,0.75,0.25,24.4152,23.4477
2026-09-17 14:20:00,24.25,24.22,24.33,24.21,-0.08,-0.02,10492.0,25460328.0,0.5,0.18,24.410999999999998,23.46595
2026-09-17 14:25:00,24.22,24.28,24.3,24.18,0.25,0.06,9007.0,21820577.0,0.5,0.15,24.4062,23.484499999999997
2026-09-17 14:30:00,24.28,24.29,24.34,24.27,0.04,0.01,11136.0,27069561.0,0.29,0.19,24.3934,23.503100000000003
2026-09-17 14:35:00,24.28,24.28,24.3,24.2,-0.04,-0.01,11453.0,27775215.0,0.41,0.19,24.3774,23.52165
2026-09-17 14:40:00,24.27,24.21,24.29,24.2,-0.29,-0.07,13584.0,32911649.0,0.37,0.23,24.360800000000005,23.53985
2026-09-17 14:45:00,24.2,24.22,24.22,24.16,0.04,0.01,19742.0,47740132.0,0.25,0.33,24.3444,23.5581
2026-09-17 14:50:00,24.23,24.2,24.25,24.18,-0.08,-0.02,22068.0,53436940.0,0.29,0.37,24.3304,23.57625
2026-09-17 14:55:00,24.2,24.26,24.3,24.15,0.25,0.06,59305.0,143756792.0,0.62,1.0,24.3186,23.5947
2026-09-17 15:00:00,24.25,24.22,24.28,24.2,-0.16,-0.04,54143.0,131178577.0,0.33,0.91,24.3046,23.61295
2026-09-18 09:35:00,24.42,23.55,24.61,23.52,-2.77,-0.67,237363.0,572554726.0,4.5,3.99,24.273199999999996,23.62785
2026-09-18 09:40:00,23.52,23.95,24.42,23.51,1.7,0.4,93675.0,224595865.0,3.86,1.57,24.2498,23.64475
2026-09-18 09:45:00,23.92,23.25,23.92,23.24,-2.92,-0.7,98505.0,232348360.0,2.84,1.66,24.2212,23.65815
2026-09-18 09:50:00,23.24,22.89,23.26,22.7,-1.55,-0.36,147698.0,340513084.0,2.41,2.48,24.187800000000003,23.66975
2026-09-18 09:55:00,22.88,22.56,23.02,22.5,-1.44,-0.33,133457.0,303402920.0,2.27,2.24,24.1462,23.679699999999997
2026-09-18 10:00:00,22.52,22.69,22.72,22.01,0.58,0.13,106711.0,239670011.0,3.15,1.79,24.111800000000002,23.6903
2026-09-18 10:05:00,22.71,22.94,22.94,22.71,1.1,0.25,46037.0,104969344.0,1.01,0.77,24.0872,23.702149999999996
2026-09-18 10:10:00,22.9,23.11,23.15,22.81,0.74,0.17,43166.0,99364429.0,1.48,0.73,24.0656,23.714850000000002
2026-09-18 10:15:00,23.1,23.2,23.4,23.03,0.39,0.09,42088.0,97717754.0,1.6,0.71,24.0508,23.721700000000002
2026-09-18 10:20:00,23.21,23.55,23.59,23.15,1.51,0.35,30071.0,70022067.0,1.9,0.51,24.037200000000002,23.726550000000003
2026-09-18 10:25:00,23.58,23.47,23.58,23.23,-0.34,-0.08,25399.0,59423053.0,1.49,0.43,24.0262,23.730749999999997
2026-09-18 10:30:00,23.44,23.26,23.44,23.17,-0.89,-0.21,15554.0,36147664.0,1.15,0.26,24.0102,23.7339
2026-09-18 10:35:00,23.23,23.52,23.58,23.2,1.12,0.26,22295.0,52284115.0,1.63,0.37,24.0006,23.73835
2026-09-18 10:40:00,23.54,23.54,23.65,23.47,0.09,0.02,21289.0,50154464.0,0.77,0.36,23.9864,23.7429
2026-09-18 10:45:00,23.51,23.49,23.63,23.48,-0.21,-0.05,29181.0,68803926.0,0.64,0.49,23.965799999999998,23.747200000000003
2026-09-18 10:50:00,23.48,23.39,23.51,23.31,-0.43,-0.1,19373.0,45388009.0,0.85,0.33,23.940400000000004,23.751000000000005
2026-09-18 10:55:00,23.4,23.48,23.58,23.4,0.38,0.09,10610.0,24924578.0,0.77,0.18,23.9208,23.75525
2026-09-18 11:00:00,23.47,23.5,23.52,23.4,0.09,0.02,7535.0,17682848.0,0.51,0.13,23.903799999999997,23.7596
2026-09-18 11:05:00,23.5,23.35,23.55,23.35,-0.64,-0.15,16030.0,37655580.0,0.85,0.27,23.8842,23.7632
2026-09-18 11:10:00,23.35,23.37,23.42,23.34,0.09,0.02,11236.0,26259961.0,0.34,0.19,23.862799999999996,23.7669
2026-09-18 11:15:00,23.37,23.42,23.43,23.36,0.21,0.05,10966.0,25654355.0,0.3,0.18,23.843600000000002,23.77085
2026-09-18 11:20:00,23.43,23.44,23.51,23.43,0.09,0.02,10638.0,24969261.0,0.34,0.18,23.8264,23.7749
2026-09-18 11:25:00,23.44,23.43,23.44,23.29,-0.04,-0.01,13673.0,31940233.0,0.64,0.23,23.810800000000004,23.7789
2026-09-18 11:30:00,23.45,23.46,23.48,23.39,0.13,0.03,6809.0,15956207.0,0.38,0.11,23.796,23.783050000000003
2026-09-18 13:05:00,23.45,23.29,23.45,23.2,-0.72,-0.17,18763.0,43676473.0,1.07,0.32,23.777400000000004,23.786350000000002
2026-09-18 13:10:00,23.29,23.42,23.42,23.26,0.56,0.13,10441.0,24359085.0,0.69,0.18,23.7594,23.790300000000002
2026-09-18 13:15:00,23.42,23.41,23.51,23.37,-0.04,-0.01,12283.0,28794987.0,0.6,0.21,23.7398,23.7942
2026-09-18 13:20:00,23.41,23.31,23.46,23.25,-0.43,-0.1,11812.0,27554983.0,0.9,0.2,23.722399999999997,23.7976
2026-09-18 13:25:00,23.33,23.28,23.34,23.23,-0.13,-0.03,8482.0,19734798.0,0.47,0.14,23.702599999999997,23.80085
2026-09-18 13:30:00,23.29,23.34,23.35,23.28,0.26,0.06,8470.0,19754496.0,0.3,0.14,23.6826,23.8044
2026-09-18 13:35:00,23.35,23.41,23.45,23.3,0.3,0.07,11386.0,26606892.0,0.64,0.19,23.6652,23.8083
2026-09-18 13:40:00,23.41,23.38,23.45,23.35,-0.13,-0.03,8226.0,19258359.0,0.43,0.14,23.646600000000003,23.812050000000003
2026-09-18 13:45:00,23.4,23.39,23.43,23.34,0.04,0.01,7476.0,17484386.0,0.38,0.13,23.6294,23.81585
2026-09-18 13:50:00,23.39,23.28,23.4,23.28,-0.47,-0.11,10490.0,24463019.0,0.51,0.18,23.6112,23.8191
2026-09-18 13:55:00,23.28,23.34,23.36,23.26,0.26,0.06,7903.0,18417137.0,0.43,0.13,23.5946,23.82265
2026-09-18 14:00:00,23.35,23.32,23.35,23.25,-0.09,-0.02,7512.0,17490594.0,0.43,0.13,23.577399999999997,23.8261
2026-09-18 14:05:00,23.31,23.36,23.4,23.29,0.17,0.04,8428.0,19671239.0,0.47,0.14,23.5616,23.82975
2026-09-18 14:10:00,23.36,23.36,23.38,23.3,0.0,0.0,15448.0,36045739.0,0.34,0.26,23.548000000000002,23.833399999999997
2026-09-18 14:15:00,23.36,23.27,23.37,23.23,-0.39,-0.09,14659.0,34047913.0,0.6,0.25,23.53,23.836599999999997
2026-09-18 14:20:00,23.27,23.25,23.29,23.2,-0.09,-0.02,15686.0,36462246.0,0.39,0.26,23.512800000000002,23.839700000000004
2026-09-18 14:25:00,23.24,23.3,23.36,23.24,0.22,0.05,14005.0,32642631.0,0.52,0.24,23.494,23.84305
2026-09-18 14:30:00,23.26,23.35,23.35,23.26,0.21,0.05,9581.0,22338869.0,0.39,0.16,23.476600000000005,23.84665
2026-09-18 14:35:00,23.35,23.3,23.35,23.28,-0.21,-0.05,11418.0,26619975.0,0.3,0.19,23.457000000000004,23.85
2026-09-18 14:40:00,23.3,23.34,23.34,23.3,0.17,0.04,13365.0,31171611.0,0.17,0.22,23.438,23.85355
2026-09-18 14:45:00,23.35,23.32,23.36,23.28,-0.09,-0.02,20377.0,47518612.0,0.34,0.34,23.418799999999997,23.857
2026-09-18 14:50:00,23.33,23.33,23.38,23.31,0.04,0.01,25296.0,59047933.0,0.3,0.43,23.4012,23.8605
2026-09-18 14:55:00,23.33,23.33,23.36,23.29,0.0,0.0,35273.0,82284961.0,0.3,0.59,23.3834,23.863999999999997
2026-09-18 15:00:00,23.33,23.38,23.38,23.31,0.21,0.05,59558.0,139167278.0,0.3,1.0,23.367000000000004,23.86775
2026-09-21 09:35:00,23.26,23.08,23.4,22.86,-1.28,-0.3,139431.0,322238265.0,2.31,2.34,23.343400000000003,23.87
2026-09-21 09:40:00,23.1,23.58,23.6,22.95,2.17,0.5,78843.0,183565434.0,2.82,1.33,23.3306,23.87475
2026-09-21 09:45:00,23.57,23.85,24.2,23.47,1.15,0.27,134953.0,322728440.0,3.1,2.27,23.336600000000004,23.88085
2026-09-21 09:50:00,23.87,23.97,23.98,23.63,0.5,0.12,51938.0,123705507.0,1.47,0.87,23.337000000000003,23.88755
2026-09-21 09:55:00,23.97,23.96,24.25,23.9,-0.04,-0.01,64473.0,155069790.0,1.46,1.08,23.3512,23.8942
2026-09-21 10:00:00,23.98,23.55,23.98,23.47,-1.71,-0.41,42704.0,100890672.0,2.13,0.72,23.3644,23.8988
2026-09-21 10:05:00,23.56,23.71,23.71,23.48,0.68,0.16,36936.0,86994109.0,0.98,0.62,23.3874,23.904199999999996
2026-09-21 10:10:00,23.71,23.69,23.73,23.46,-0.08,-0.02,35133.0,82901614.0,1.14,0.59,23.4074,23.909499999999998
2026-09-21 10:15:00,23.68,23.82,23.84,23.64,0.55,0.13,30346.0,72016029.0,0.84,0.51,23.425,23.904849999999996
2026-09-21 10:20:00,23.83,23.69,23.91,23.65,-0.55,-0.13,27066.0,64397795.0,1.09,0.45,23.4366,23.90245
2026-09-21 10:25:00,23.69,23.79,23.85,23.69,0.42,0.1,23202.0,55226469.0,0.68,0.39,23.448399999999996,23.9009
2026-09-21 10:30:00,23.77,23.71,23.79,23.62,-0.34,-0.08,17756.0,42124150.0,0.71,0.3,23.4516,23.899950000000004
2026-09-21 10:35:00,23.69,23.75,23.77,23.6,0.17,0.04,12811.0,30315887.0,0.72,0.22,23.457199999999997,23.89965
2026-09-21 10:40:00,23.75,23.7,23.83,23.68,-0.21,-0.05,10986.0,26098240.0,0.63,0.18,23.465999999999998,23.8961
2026-09-21 10:45:00,23.71,23.68,23.75,23.65,-0.08,-0.02,8393.0,19881272.0,0.42,0.14,23.4692,23.890500000000003
2026-09-21 10:50:00,23.68,23.69,23.72,23.57,0.04,0.01,14137.0,33408617.0,0.63,0.24,23.4722,23.8865
2026-09-21 10:55:00,23.7,23.67,23.71,23.65,-0.08,-0.02,9089.0,21522023.0,0.25,0.15,23.4758,23.88475
2026-09-21 11:00:00,23.68,23.8,23.84,23.65,0.55,0.13,15536.0,36902387.0,0.8,0.26,23.483999999999995,23.88295
2026-09-21 11:05:00,23.78,23.7,23.79,23.68,-0.42,-0.1,5640.0,13381404.0,0.46,0.09,23.488400000000002,23.87955
2026-09-21 11:10:00,23.7,23.62,23.76,23.6,-0.34,-0.08,25718.0,60785580.0,0.68,0.43,23.490800000000004,23.8763
2026-09-21 11:15:00,23.62,23.59,23.64,23.55,-0.13,-0.03,9270.0,21869011.0,0.38,0.16,23.4956,23.87365
2026-09-21 11:20:00,23.59,23.59,23.61,23.45,0.0,0.0,28299.0,66435423.0,0.68,0.48,23.5,23.8717
2026-09-21 11:25:00,23.59,23.65,23.68,23.59,0.25,0.06,6067.0,14339574.0,0.38,0.1,23.5046,23.87105
2026-09-21 11:30:00,23.65,23.71,23.75,23.6,0.25,0.06,9399.0,22243500.0,0.63,0.16,23.51,23.87105
2026-09-21 13:05:00,23.7,23.57,23.7,23.52,-0.59,-0.14,9219.0,21735146.0,0.76,0.15,23.5128,23.8704
2026-09-21 13:10:00,23.57,23.48,23.57,23.44,-0.38,-0.09,9230.0,21679491.0,0.55,0.16,23.5132,23.869600000000002
2026-09-21 13:15:00,23.48,23.44,23.55,23.44,-0.17,-0.04,16989.0,39873766.0,0.47,0.29,23.516199999999998,23.86855
2026-09-21 13:20:00,23.45,23.4,23.45,23.38,-0.17,-0.04,17618.0,41243654.0,0.3,0.3,23.5158,23.867150000000002
2026-09-21 13:25:00,23.4,23.45,23.49,23.4,0.21,0.05,8859.0,20769812.0,0.38,0.15,23.516599999999997,23.8656
2026-09-21 13:30:00,23.45,23.45,23.46,23.37,0.0,0.0,9461.0,22141130.0,0.38,0.16,23.5194,23.8636
2026-09-21 13:35:00,23.46,23.5,23.5,23.43,0.21,0.05,8301.0,19474875.0,0.3,0.14,23.5238,23.8613
2026-09-21 13:40:00,23.51,23.65,23.9,23.51,0.64,0.15,34565.0,82135672.0,1.66,0.58,23.53,23.86005
2026-09-21 13:45:00,23.66,23.66,23.74,23.58,0.04,0.01,14315.0,33832426.0,0.68,0.24,23.535,23.8592
2026-09-21 13:50:00,23.67,23.72,23.84,23.65,0.25,0.06,21562.0,51219019.0,0.8,0.36,23.5418,23.858849999999997
2026-09-21 13:55:00,23.71,23.71,23.74,23.64,-0.04,-0.01,12861.0,30476942.0,0.42,0.22,23.5482,23.8579
2026-09-21 14:00:00,23.73,23.74,23.82,23.68,0.13,0.03,10579.0,25129738.0,0.59,0.18,23.5574,23.857250000000004
2026-09-21 14:05:00,23.72,23.97,24.11,23.7,0.97,0.23,66782.0,160014623.0,1.73,1.12,23.57,23.8577
2026-09-21 14:10:00,23.97,24.56,24.6,23.97,2.46,0.59,121681.0,296254184.0,2.63,2.05,23.5948,23.86165
2026-09-21 14:15:00,24.59,25.1,25.24,24.45,2.2,0.54,120604.0,299586687.0,3.22,2.03,23.6296,23.868549999999995
2026-09-21 14:20:00,25.28,25.34,25.72,25.0,0.96,0.24,153197.0,390012986.0,2.87,2.58,23.6692,23.876749999999998
2026-09-21 14:25:00,25.28,24.87,25.28,24.8,-1.85,-0.47,67027.0,167939947.0,1.89,1.13,23.7012,23.88245
2026-09-21 14:30:00,24.88,24.91,25.06,24.81,0.16,0.04,32817.0,81779891.0,1.01,0.55,23.7344,23.888450000000002
2026-09-21 14:35:00,24.92,24.9,25.13,24.9,-0.04,-0.01,42057.0,105033058.0,0.92,0.71,23.766399999999997,23.894299999999998
2026-09-21 14:40:00,24.91,24.9,24.97,24.86,0.0,0.0,22806.0,56804971.0,0.44,0.38,23.797399999999996,23.8983
2026-09-21 14:45:00,24.9,24.94,25.02,24.84,0.16,0.04,28762.0,71652438.0,0.72,0.48,23.8302,23.9031
2026-09-21 14:50:00,24.94,25.03,25.05,24.92,0.36,0.09,27946.0,69801547.0,0.52,0.47,23.864,23.90755
2026-09-21 14:55:00,25.03,24.95,25.03,24.87,-0.32,-0.08,49814.0,124224896.0,0.64,0.84,23.896600000000003,23.9127
2026-09-21 15:00:00,24.95,25.2,25.2,24.73,1.0,0.25,68849.0,171950516.0,1.88,1.16,23.934,23.919
