date,open,close,high,low,volume,成交额,均价,ma50,ma200
2026-01-13 13:03:00,10.55,10.56,10.56,10.54,1461.0,1542151.0,10.458,,
2026-01-13 13:04:00,10.56,10.58,10.59,10.56,2570.0,2716432.0,10.46,,
2026-01-13 13:05:00,10.58,10.57,10.59,10.56,3016.0,3190494.0,10.462,,
2026-01-13 13:06:00,10.57,10.56,10.57,10.56,1634.0,1727032.0,10.463,,
2026-01-13 13:07:00,10.56,10.56,10.58,10.56,1926.0,2036629.0,10.464,,
2026-01-13 13:08:00,10.56,10.57,10.57,10.56,1072.0,1133013.0,10.464,,
2026-01-13 13:09:00,10.57,10.57,10.58,10.57,1347.0,1424216.0,10.465,,
2026-01-13 13:10:00,10.57,10.54,10.57,10.54,1439.0,1519405.0,10.465,,
2026-01-13 13:11:00,10.54,10.56,10.56,10.54,1005.0,1060087.0,10.466,,
2026-01-13 13:12:00,10.56,10.53,10.56,10.53,1371.0,1446497.0,10.466,,
2026-01-13 13:13:00,10.53,10.52,10.54,10.52,799.0,841346.0,10.467,,
2026-01-13 13:14:00,10.52,10.52,10.53,10.52,204.0,214689.0,10.467,,
2026-01-13 13:15:00,10.52,10.5,10.52,10.5,1639.0,1722982.0,10.467,,
2026-01-13 13:16:00,10.5,10.5,10.5,10.49,814.0,854320.0,10.467,,
2026-01-13 13:17:00,10.5,10.49,10.5,10.49,592.0,621335.0,10.467,,
2026-01-13 13:18:00,10.49,10.5,10.52,10.5,1638.0,1721185.0,10.468,,
2026-01-13 13:19:00,10.5,10.51,10.51,10.5,233.0,244869.0,10.468,,
2026-01-13 13:20:00,10.51,10.5,10.51,10.5,516.0,541894.0,10.468,,
2026-01-13 13:21:00,10.5,10.49,10.5,10.49,805.0,845094.0,10.468,,
2026-01-13 13:22:00,10.49,10.48,10.49,10.48,748.0,784481.0,10.468,,
2026-01-13 13:23:00,10.48,10.49,10.49,10.49,566.0,593657.0,10.468,,
2026-01-13 13:24:00,10.49,10.5,10.5,10.48,559.0,586781.0,10.468,,
2026-01-13 13:25:00,10.5,10.48,10.5,10.48,1281.0,1343926.0,10.468,,
2026-01-13 13:26:00,10.48,10.48,10.49,10.47,732.0,767254.0,10.468,,
2026-01-13 13:27:00,10.48,10.48,10.49,10.47,265.0,277705.0,10.468,,
2026-01-13 13:28:00,10.48,10.48,10.48,10.47,633.0,663231.0,10.468,,
2026-01-13 13:29:00,10.48,10.47,10.48,10.47,366.0,383408.0,10.468,,
2026-01-13 13:30:00,10.47,10.48,10.48,10.47,562.0,588850.0,10.468,,
2026-01-13 13:31:00,10.48,10.47,10.48,10.47,1220.0,1277679.0,10.468,,
2026-01-13 13:32:00,10.47,10.46,10.46,10.45,1037.0,1084560.0,10.468,,
2026-01-13 13:33:00,10.46,10.45,10.45,10.44,1583.0,1654048.0,10.468,,
2026-01-13 13:34:00,10.45,10.48,10.48,10.44,2687.0,2810897.0,10.468,,
2026-01-13 13:35:00,10.48,10.49,10.49,10.47,1140.0,1195106.0,10.468,,
2026-01-13 13:36:00,10.49,10.49,10.49,10.48,1232.0,1291363.0,10.468,,
2026-01-13 13:37:00,10.49,10.49,10.49,10.48,447.0,469032.0,10.468,,
2026-01-13 13:38:00,10.49,10.47,10.49,10.47,1347.0,1411820.0,10.468,,
2026-01-13 13:39:00,10.47,10.48,10.48,10.47,191.0,200082.0,10.468,,
2026-01-13 13:40:00,10.48,10.48,10.48,10.48,830.0,869788.0,10.468,,
2026-01-13 13:41:00,10.48,10.49,10.49,10.48,404.0,423650.0,10.468,,
2026-01-13 13:42:00,10.49,10.49,10.49,10.48,247.0,259077.0,10.468,,
2026-01-13 13:43:00,10.49,10.49,10.5,10.48,714.0,749115.0,10.468,,
2026-01-13 13:44:00,10.49,10.51,10.51,10.5,524.0,550288.0,10.469,,
2026-01-13 13:45:00,10.51,10.5,10.51,10.5,488.0,512821.0,10.469,,
2026-01-13 13:46:00,10.5,10.51,10.51,10.5,506.0,531774.0,10.469,,
2026-01-13 13:47:00,10.51,10.51,10.51,10.5,534.0,561175.0,10.469,,
2026-01-13 13:48:00,10.51,10.51,10.51,10.5,467.0,490723.0,10.469,,
2026-01-13 13:49:00,10.51,10.51,10.51,10.5,528.0,554814.0,10.469,,
2026-01-13 13:50:00,10.51,10.52,10.53,10.51,2692.0,2830825.0,10.469,,
2026-01-13 13:51:00,10.52,10.51,10.52,10.51,288.0,302756.0,10.47,,
2026-01-13 13:52:00,10.51,10.52,10.52,10.51,471.0,495524.0,10.47,10.505999999999998,
2026-01-13 13:53:00,10.52,10.51,10.52,10.51,874.0,919397.0,10.47,10.505000000000003,
2026-01-13 13:54:00,10.51,10.52,10.52,10.51,728.0,765589.0,10.47,10.503800000000002,
2026-01-13 13:55:00,10.52,10.51,10.52,10.51,356.0,374488.0,10.47,10.5026,
2026-01-13 13:56:00,10.51,10.51,10.52,10.51,669.0,703923.0,10.47,10.501600000000002,
2026-01-13 13:57:00,10.51,10.53,10.53,10.51,296.0,311498.0,10.47,10.501,
2026-01-13 13:58:00,10.53,10.54,10.54,10.52,619.0,651288.0,10.47,10.500399999999999,
2026-01-13 13:59:00,10.54,10.54,10.54,10.53,1045.0,1101343.0,10.471,10.4998,
2026-01-13 14:00:00,10.54,10.53,10.54,10.53,651.0,685860.0,10.471,10.499600000000001,
2026-01-13 14:01:00,10.53,10.52,10.54,10.52,948.0,998244.0,10.471,10.4988,
2026-01-13 14:02:00,10.52,10.54,10.54,10.52,599.0,631055.0,10.471,10.498999999999999,
2026-01-13 14:03:00,10.54,10.53,10.54,10.53,918.0,967334.0,10.471,10.4992,
2026-01-13 14:04:00,10.53,10.52,10.54,10.52,788.0,829672.0,10.472,10.4992,
2026-01-13 14:05:00,10.52,10.54,10.54,10.52,1380.0,1454005.0,10.472,10.5,
2026-01-13 14:06:00,10.54,10.54,10.55,10.53,2478.0,2612515.0,10.473,10.5008,
2026-01-13 14:07:00,10.54,10.53,10.54,10.53,675.0,710959.0,10.473,10.501600000000002,
2026-01-13 14:08:00,10.53,10.52,10.53,10.51,621.0,653350.0,10.473,10.502,
2026-01-13 14:09:00,10.52,10.52,10.53,10.52,321.0,338004.0,10.473,10.5022,
2026-01-13 14:10:00,10.52,10.51,10.52,10.51,1115.0,1172916.0,10.473,10.5024,
2026-01-13 14:11:00,10.51,10.52,10.53,10.51,1104.0,1161560.0,10.473,10.503,
2026-01-13 14:12:00,10.52,10.52,10.53,10.52,738.0,776627.0,10.474,10.503799999999998,
2026-01-13 14:13:00,10.52,10.52,10.53,10.52,437.0,459998.0,10.474,10.5044,
2026-01-13 14:14:00,10.52,10.52,10.53,10.52,993.0,1044660.0,10.474,10.5048,
2026-01-13 14:15:00,10.52,10.52,10.53,10.52,277.0,291423.0,10.474,10.5056,
2026-01-13 14:16:00,10.52,10.51,10.52,10.51,1494.0,1571536.0,10.474,10.5062,
2026-01-13 14:17:00,10.51,10.51,10.52,10.51,680.0,715188.0,10.474,10.5068,
2026-01-13 14:18:00,10.51,10.54,10.54,10.51,1290.0,1357912.0,10.474,10.508,
2026-01-13 14:19:00,10.54,10.53,10.54,10.53,1056.0,1112639.0,10.475,10.5092,
2026-01-13 14:20:00,10.53,10.53,10.54,10.53,473.0,498435.0,10.475,10.5102,
2026-01-13 14:21:00,10.53,10.56,10.56,10.53,1319.0,1391253.0,10.475,10.511999999999999,
2026-01-13 14:22:00,10.56,10.55,10.57,10.55,5186.0,5474638.0,10.477,10.513800000000002,
2026-01-13 14:23:00,10.55,10.54,10.55,10.54,704.0,742697.0,10.477,10.5156,
2026-01-13 14:24:00,10.54,10.53,10.55,10.53,1892.0,1994551.0,10.477,10.516599999999999,
2026-01-13 14:25:00,10.53,10.54,10.55,10.53,1137.0,1197753.0,10.478,10.5176,
2026-01-13 14:26:00,10.54,10.51,10.54,10.51,1656.0,1743060.0,10.478,10.517999999999999,
2026-01-13 14:27:00,10.51,10.47,10.52,10.47,5718.0,5998398.0,10.478,10.5176,
2026-01-13 14:28:00,10.47,10.46,10.48,10.45,4552.0,4760830.0,10.478,10.5174,
2026-01-13 14:29:00,10.46,10.45,10.46,10.45,1128.0,1179672.0,10.478,10.5168,
2026-01-13 14:30:00,10.45,10.46,10.46,10.44,2824.0,2951394.0,10.478,10.516399999999999,
2026-01-13 14:31:00,10.46,10.47,10.47,10.45,1902.0,1990024.0,10.477,10.515999999999998,
2026-01-13 14:32:00,10.47,10.49,10.5,10.47,2771.0,2905817.0,10.477,10.515999999999998,
2026-01-13 14:33:00,10.49,10.48,10.5,10.48,1468.0,1539537.0,10.478,10.515799999999999,
2026-01-13 14:34:00,10.48,10.48,10.49,10.47,1126.0,1180142.0,10.478,10.5152,
2026-01-13 14:35:00,10.48,10.49,10.49,10.48,1247.0,1307579.0,10.478,10.515,
2026-01-13 14:36:00,10.49,10.48,10.49,10.47,1596.0,1673031.0,10.478,10.514399999999998,
2026-01-13 14:37:00,10.48,10.48,10.49,10.47,1949.0,2042167.0,10.478,10.513799999999998,
2026-01-13 14:38:00,10.48,10.48,10.48,10.47,669.0,700860.0,10.478,10.5132,
2026-01-13 14:39:00,10.48,10.48,10.48,10.46,2147.0,2248283.0,10.478,10.512599999999999,
2026-01-13 14:40:00,10.48,10.49,10.49,10.47,1726.0,1809245.0,10.478,10.512,
2026-01-13 14:41:00,10.49,10.48,10.49,10.48,2964.0,3106611.0,10.478,10.511400000000002,
2026-01-13 14:42:00,10.48,10.47,10.48,10.46,2280.0,2388072.0,10.478,10.510400000000002,
2026-01-13 14:43:00,10.47,10.47,10.48,10.46,711.0,744369.0,10.478,10.509599999999999,
2026-01-13 14:44:00,10.47,10.48,10.48,10.46,2430.0,2545227.0,10.478,10.508799999999999,
2026-01-13 14:45:00,10.48,10.47,10.48,10.47,758.0,794192.0,10.478,10.508,
2026-01-13 14:46:00,10.47,10.48,10.48,10.47,3473.0,3639100.0,10.478,10.5074,
2026-01-13 14:47:00,10.48,10.46,10.48,10.46,1494.0,1564598.0,10.478,10.505999999999998,
2026-01-13 14:48:00,10.46,10.46,10.47,10.45,2064.0,2158762.0,10.477,10.5044,
2026-01-13 14:49:00,10.46,10.46,10.47,10.45,1854.0,1938466.0,10.477,10.5028,
2026-01-13 14:50:00,10.46,10.47,10.47,10.44,1989.0,2079797.0,10.477,10.501600000000002,
2026-01-13 14:51:00,10.47,10.47,10.48,10.46,3037.0,3179263.0,10.477,10.500599999999999,
2026-01-13 14:52:00,10.47,10.46,10.48,10.46,2575.0,2696473.0,10.477,10.499,
2026-01-13 14:53:00,10.46,10.48,10.48,10.47,1346.0,1409867.0,10.477,10.498,
2026-01-13 14:54:00,10.48,10.48,10.49,10.46,2035.0,2130781.0,10.477,10.4972,
2026-01-13 14:55:00,10.48,10.49,10.49,10.46,1998.0,2091694.0,10.477,10.496200000000002,
2026-01-13 14:56:00,10.49,10.49,10.5,10.46,5907.0,6198983.0,10.477,10.495200000000002,
2026-01-13 14:57:00,10.49,10.48,10.5,10.47,1642.0,1722599.0,10.477,10.4942,
2026-01-13 14:58:00,10.48,10.48,10.48,10.48,10.0,10480.0,10.477,10.4934,
2026-01-13 14:59:00,10.48,10.48,10.48,10.48,0.0,0.0,10.477,10.4926,
2026-01-13 15:00:00,10.48,10.5,10.5,10.5,1721.0,1807050.0,10.477,10.4924,
2026-01-14 09:30:00,10.5,10.55,10.55,10.55,937.0,988535.0,10.55,10.493000000000002,
2026-01-14 09:31:00,10.55,10.59,10.6,10.55,4524.0,4785786.0,10.573,10.4944,
2026-01-14 09:32:00,10.59,10.62,10.62,10.57,6610.0,7003777.0,10.585,10.4964,
2026-01-14 09:33:00,10.62,10.53,10.57,10.53,4122.0,4349511.0,10.577,10.496599999999999,
2026-01-14 09:34:00,10.53,10.53,10.53,10.5,3590.0,3774883.0,10.566,10.4968,
2026-01-14 09:35:00,10.53,10.49,10.53,10.49,4263.0,4482988.0,10.557,10.496400000000001,
2026-01-14 09:36:00,10.49,10.51,10.51,10.48,2382.0,2500516.0,10.552,10.496400000000001,
2026-01-14 09:37:00,10.51,10.58,10.61,10.49,5987.0,6317865.0,10.552,10.4972,
2026-01-14 09:38:00,10.58,10.57,10.6,10.54,3351.0,3544518.0,10.554,10.498,
2026-01-14 09:39:00,10.57,10.54,10.58,10.53,2171.0,2288694.0,10.554,10.498199999999999,
2026-01-14 09:40:00,10.54,10.54,10.55,10.51,3668.0,3865643.0,10.552,10.4978,
2026-01-14 09:41:00,10.54,10.51,10.55,10.51,2025.0,2133145.0,10.552,10.497,
2026-01-14 09:42:00,10.51,10.53,10.53,10.52,2881.0,3031576.0,10.55,10.4968,
2026-01-14 09:43:00,10.53,10.53,10.56,10.51,3842.0,4046368.0,10.548,10.4968,
2026-01-14 09:44:00,10.53,10.58,10.59,10.55,2320.0,2453451.0,10.55,10.4976,
2026-01-14 09:45:00,10.58,10.58,10.58,10.56,1216.0,1285190.0,10.55,10.498999999999999,
2026-01-14 09:46:00,10.58,10.59,10.64,10.57,6292.0,6674603.0,10.556,10.5014,
2026-01-14 09:47:00,10.59,10.64,10.68,10.59,8871.0,9439270.0,10.567,10.505,
2026-01-14 09:48:00,10.64,10.64,10.65,10.62,3752.0,3989157.0,10.57,10.508799999999999,
2026-01-14 09:49:00,10.64,10.65,10.67,10.63,3844.0,4094724.0,10.574,10.512599999999999,
2026-01-14 09:50:00,10.65,10.67,10.7,10.65,7052.0,7528888.0,10.583,10.5166,
2026-01-14 09:51:00,10.67,10.65,10.67,10.64,3175.0,3383368.0,10.586,10.5198,
2026-01-14 09:52:00,10.65,10.66,10.66,10.62,3377.0,3593628.0,10.588,10.523399999999999,
2026-01-14 09:53:00,10.66,10.68,10.68,10.64,2584.0,2754393.0,10.59,10.5274,
2026-01-14 09:54:00,10.68,10.69,10.7,10.68,2028.0,2167747.0,10.592,10.531399999999998,
2026-01-14 09:55:00,10.69,10.72,10.73,10.69,3884.0,4159789.0,10.597,10.536200000000001,
2026-01-14 09:56:00,10.72,10.71,10.75,10.7,4417.0,4738538.0,10.602,10.5408,
2026-01-14 09:57:00,10.71,10.74,10.74,10.71,2919.0,3131087.0,10.606,10.546000000000001,
2026-01-14 09:58:00,10.74,10.71,10.74,10.71,2090.0,2242178.0,10.608,10.5506,
2026-01-14 09:59:00,10.71,10.76,10.76,10.71,5272.0,5658341.0,10.614,10.556,
2026-01-14 10:00:00,10.76,10.74,10.77,10.72,3522.0,3780762.0,10.617,10.5612,
2026-01-14 10:01:00,10.74,10.71,10.74,10.7,3315.0,3553161.0,10.62,10.565999999999999,
2026-01-14 10:02:00,10.71,10.7,10.71,10.7,1794.0,1920566.0,10.621,10.570600000000002,
2026-01-14 10:03:00,10.7,10.67,10.69,10.66,2765.0,2952695.0,10.623,10.5744,
2026-01-14 10:04:00,10.67,10.71,10.73,10.68,2853.0,3053999.0,10.625,10.5792,
2026-01-14 10:05:00,10.71,10.69,10.72,10.69,1581.0,1690956.0,10.625,10.5834,
2026-01-14 10:06:00,10.69,10.68,10.68,10.67,2045.0,2182488.0,10.626,10.587800000000001,
2026-01-14 10:07:00,10.68,10.68,10.68,10.66,1171.0,1249455.0,10.627,10.5922,
2026-01-14 10:08:00,10.68,10.67,10.69,10.66,7132.0,7614279.0,10.629,10.5964,
2026-01-14 10:09:00,10.67,10.66,10.67,10.65,1968.0,2098088.0,10.63,10.6002,
2026-01-14 10:10:00,10.66,10.66,10.67,10.65,874.0,931898.0,10.63,10.604000000000001,
2026-01-14 10:11:00,10.66,10.65,10.66,10.64,3231.0,3440048.0,10.63,10.6078,
2026-01-14 10:12:00,10.65,10.67,10.67,10.64,1683.0,1793453.0,10.63,10.611600000000001,
2026-01-14 10:13:00,10.67,10.68,10.69,10.67,2074.0,2215081.0,10.631,10.615599999999999,
2026-01-14 10:14:00,10.68,10.67,10.68,10.66,991.0,1057055.0,10.631,10.6192,
2026-01-14 10:15:00,10.67,10.68,10.68,10.66,1845.0,1967721.0,10.632,10.623,
2026-01-14 10:16:00,10.68,10.67,10.69,10.67,755.0,806179.0,10.632,10.626800000000001,
2026-01-14 10:17:00,10.67,10.69,10.69,10.67,1140.0,1217727.0,10.632,10.631000000000002,
2026-01-14 10:18:00,10.69,10.69,10.69,10.68,759.0,811257.0,10.633,10.6352,
2026-01-14 10:19:00,10.69,10.68,10.7,10.67,1981.0,2117221.0,10.633,10.638800000000002,
2026-01-14 10:20:00,10.68,10.68,10.69,10.67,1222.0,1304643.0,10.634,10.6414,
2026-01-14 10:21:00,10.68,10.69,10.69,10.68,1049.0,1120990.0,10.634,10.643400000000002,
2026-01-14 10:22:00,10.69,10.7,10.7,10.68,1459.0,1559096.0,10.635,10.645,
2026-01-14 10:23:00,10.7,10.7,10.71,10.69,1914.0,2048189.0,10.635,10.648400000000002,
2026-01-14 10:24:00,10.7,10.73,10.73,10.7,1351.0,1447956.0,10.636,10.6524,
2026-01-14 10:25:00,10.73,10.74,10.74,10.73,1776.0,1906453.0,10.637,10.657399999999997,
2026-01-14 10:26:00,10.74,10.73,10.75,10.72,4382.0,4704276.0,10.64,10.661799999999998,
2026-01-14 10:27:00,10.73,10.72,10.73,10.71,1479.0,1585138.0,10.64,10.6646,
2026-01-14 10:28:00,10.72,10.73,10.73,10.72,1022.0,1096357.0,10.641,10.6678,
2026-01-14 10:29:00,10.73,10.72,10.73,10.7,1045.0,1119728.0,10.641,10.6714,
2026-01-14 10:30:00,10.72,10.7,10.72,10.7,1772.0,1896787.0,10.642,10.6746,
2026-01-14 10:31:00,10.7,10.68,10.71,10.68,1687.0,1802840.0,10.642,10.677999999999999,
2026-01-14 10:32:00,10.68,10.67,10.68,10.67,1071.0,1143702.0,10.643,10.6808,
2026-01-14 10:33:00,10.67,10.68,10.68,10.67,1402.0,1497191.0,10.643,10.683800000000002,
2026-01-14 10:34:00,10.68,10.69,10.69,10.67,933.0,996814.0,10.643,10.686,
2026-01-14 10:35:00,10.69,10.7,10.7,10.68,2564.0,2739160.0,10.644,10.688400000000001,
2026-01-14 10:36:00,10.7,10.67,10.7,10.67,1009.0,1077942.0,10.644,10.69,
2026-01-14 10:37:00,10.67,10.68,10.68,10.67,1280.0,1366730.0,10.644,10.6908,
2026-01-14 10:38:00,10.68,10.68,10.69,10.68,533.0,569365.0,10.644,10.691600000000001,
2026-01-14 10:39:00,10.68,10.67,10.68,10.67,1053.0,1124247.0,10.644,10.692,
2026-01-14 10:40:00,10.67,10.67,10.7,10.67,2367.0,2530932.0,10.645,10.692,
2026-01-14 10:41:00,10.67,10.68,10.68,10.67,691.0,737911.0,10.645,10.6926,
2026-01-14 10:42:00,10.68,10.67,10.68,10.67,1588.0,1695017.0,10.645,10.6928,
2026-01-14 10:43:00,10.67,10.68,10.69,10.67,808.0,863079.0,10.645,10.6928,
2026-01-14 10:44:00,10.68,10.72,10.72,10.68,732.0,783281.0,10.646,10.693400000000002,
2026-01-14 10:45:00,10.72,10.71,10.72,10.71,2593.0,2778644.0,10.647,10.6932,
2026-01-14 10:46:00,10.71,10.72,10.72,10.71,523.0,560643.0,10.647,10.693399999999999,
2026-01-14 10:47:00,10.72,10.72,10.72,10.71,830.0,889173.0,10.647,10.693,
2026-01-14 10:48:00,10.72,10.71,10.71,10.7,2184.0,2338215.0,10.648,10.693000000000001,
2026-01-14 10:49:00,10.71,10.7,10.72,10.7,298.0,319245.0,10.648,10.6918,
2026-01-14 10:50:00,10.7,10.71,10.71,10.7,258.0,276236.0,10.648,10.691200000000002,
2026-01-14 10:51:00,10.71,10.7,10.71,10.7,523.0,559795.0,10.648,10.690999999999999,10.56835
2026-01-14 10:52:00,10.7,10.72,10.72,10.7,724.0,775394.0,10.648,10.691399999999998,10.56915
2026-01-14 10:53:00,10.72,10.71,10.71,10.7,773.0,827743.0,10.648,10.6922,10.5698
2026-01-14 10:54:00,10.71,10.7,10.71,10.69,1254.0,1342294.0,10.649,10.691999999999998,10.570450000000001
2026-01-14 10:55:00,10.7,10.73,10.73,10.71,688.0,737556.0,10.649,10.6928,10.5713
2026-01-14 10:56:00,10.73,10.72,10.72,10.7,1487.0,1592588.0,10.649,10.693599999999998,10.5721
2026-01-14 10:57:00,10.72,10.72,10.72,10.71,554.0,593870.0,10.65,10.6944,10.572849999999999
2026-01-14 10:58:00,10.72,10.71,10.72,10.71,620.0,664078.0,10.65,10.6952,10.573550000000001
2026-01-14 10:59:00,10.71,10.71,10.71,10.7,923.0,988438.0,10.65,10.6962,10.574399999999999
2026-01-14 11:00:00,10.71,10.71,10.71,10.7,1202.0,1286787.0,10.65,10.6972,10.575149999999999
2026-01-14 11:01:00,10.71,10.71,10.71,10.7,292.0,312655.0,10.651,10.698400000000001,10.57605
2026-01-14 11:02:00,10.71,10.71,10.71,10.7,381.0,407899.0,10.651,10.699199999999998,10.577
2026-01-14 11:03:00,10.71,10.72,10.73,10.7,2256.0,2417811.0,10.651,10.7,10.578000000000001
2026-01-14 11:04:00,10.72,10.74,10.74,10.72,1399.0,1501327.0,10.652,10.701400000000001,10.5792
2026-01-14 11:05:00,10.74,10.72,10.74,10.72,615.0,660013.0,10.652,10.7022,10.5803
2026-01-14 11:06:00,10.72,10.73,10.73,10.72,1234.0,1323771.0,10.653,10.703400000000002,10.581499999999998
2026-01-14 11:07:00,10.73,10.73,10.73,10.72,1099.0,1178602.0,10.653,10.704199999999998,10.58265
2026-01-14 11:08:00,10.73,10.73,10.73,10.72,798.0,855873.0,10.653,10.705,10.58375
2026-01-14 11:09:00,10.73,10.72,10.73,10.71,1505.0,1613448.0,10.654,10.7058,10.584850000000001
2026-01-14 11:10:00,10.72,10.71,10.72,10.71,342.0,366460.0,10.654,10.7064,10.58595
2026-01-14 11:11:00,10.71,10.71,10.72,10.7,862.0,923095.0,10.654,10.706799999999998,10.5871
2026-01-14 11:12:00,10.71,10.69,10.71,10.69,2088.0,2234191.0,10.654,10.706600000000002,10.588099999999999
2026-01-14 11:13:00,10.69,10.69,10.7,10.69,858.0,917260.0,10.655,10.706399999999999,10.58905
2026-01-14 11:14:00,10.69,10.7,10.7,10.69,714.0,763908.0,10.655,10.7058,10.590150000000001
2026-01-14 11:15:00,10.7,10.69,10.7,10.69,413.0,441862.0,10.655,10.7048,10.5912
2026-01-14 11:16:00,10.69,10.68,10.7,10.67,1897.0,2027153.0,10.655,10.703800000000001,10.5922
2026-01-14 11:17:00,10.68,10.68,10.68,10.67,556.0,593516.0,10.655,10.703,10.5932
2026-01-14 11:18:00,10.68,10.68,10.68,10.67,395.0,421624.0,10.655,10.702,10.594250000000002
2026-01-14 11:19:00,10.68,10.68,10.68,10.67,306.0,326683.0,10.655,10.701199999999998,10.59525
2026-01-14 11:20:00,10.68,10.68,10.68,10.67,453.0,483609.0,10.655,10.700800000000001,10.5963
2026-01-14 11:21:00,10.68,10.67,10.68,10.67,1038.0,1107592.0,10.655,10.7006,10.597349999999999
2026-01-14 11:22:00,10.67,10.67,10.67,10.66,313.0,333680.0,10.655,10.7006,10.59845
2026-01-14 11:23:00,10.67,10.66,10.67,10.66,255.0,271958.0,10.655,10.7002,10.59935
2026-01-14 11:24:00,10.66,10.66,10.67,10.66,609.0,649600.0,10.655,10.6996,10.6002
2026-01-14 11:25:00,10.66,10.67,10.67,10.66,1158.0,1234770.0,10.655,10.698999999999998,10.6011
2026-01-14 11:26:00,10.67,10.67,10.67,10.66,442.0,471542.0,10.655,10.699000000000002,10.601999999999999
2026-01-14 11:27:00,10.67,10.67,10.68,10.67,385.0,410794.0,10.655,10.6988,10.603
2026-01-14 11:28:00,10.67,10.67,10.67,10.66,437.0,466242.0,10.655,10.698599999999999,10.60395
2026-01-14 11:29:00,10.67,10.67,10.67,10.66,688.0,733721.0,10.655,10.6986,10.6049
2026-01-14 11:30:00,10.67,10.68,10.68,10.66,1919.0,2047356.0,10.656,10.698799999999999,10.60585
2026-01-14 13:01:00,10.68,10.67,10.69,10.65,8930.0,9529706.0,10.656,10.6986,10.60675
2026-01-14 13:02:00,10.67,10.59,10.64,10.59,5059.0,5373458.0,10.655,10.697000000000001,10.60725
2026-01-14 13:03:00,10.59,10.58,10.59,10.55,2187.0,2312191.0,10.655,10.695,10.6076
2026-01-14 13:04:00,10.58,10.55,10.59,10.55,2332.0,2465613.0,10.654,10.6916,10.607850000000001
2026-01-14 13:05:00,10.55,10.59,10.6,10.55,1602.0,1695212.0,10.653,10.689200000000001,10.60825
2026-01-14 13:06:00,10.59,10.58,10.59,10.57,1899.0,2010321.0,10.653,10.6864,10.6086
2026-01-14 13:07:00,10.58,10.56,10.59,10.56,2739.0,2897087.0,10.652,10.6832,10.608850000000002
2026-01-14 13:08:00,10.56,10.53,10.57,10.53,2815.0,2970479.0,10.651,10.679599999999999,10.60895
2026-01-14 13:09:00,10.53,10.54,10.55,10.51,3289.0,3465684.0,10.65,10.676400000000001,10.60905
2026-01-14 13:10:00,10.54,10.54,10.55,10.53,1844.0,1944323.0,10.649,10.673,10.609199999999998
2026-01-14 13:11:00,10.54,10.55,10.56,10.54,1806.0,1905293.0,10.648,10.67,10.60935
2026-01-14 13:12:00,10.55,10.55,10.58,10.55,1476.0,1559736.0,10.648,10.6666,10.609549999999999
2026-01-14 13:13:00,10.55,10.54,10.56,10.54,2450.0,2585404.0,10.647,10.6632,10.609650000000002
2026-01-14 13:14:00,10.54,10.53,10.55,10.53,1707.0,1799116.0,10.646,10.6598,10.609749999999998
2026-01-14 13:15:00,10.53,10.5,10.54,10.5,1889.0,1986609.0,10.645,10.6552,10.6097
2026-01-14 13:16:00,10.5,10.48,10.5,10.48,4248.0,4457721.0,10.643,10.6504,10.609449999999999
2026-01-14 13:17:00,10.48,10.5,10.51,10.47,4233.0,4437756.0,10.641,10.645999999999999,10.60925
2026-01-14 13:18:00,10.5,10.5,10.5,10.49,1883.0,1976352.0,10.64,10.641799999999998,10.60905
2026-01-14 13:19:00,10.5,10.52,10.53,10.5,2202.0,2314843.0,10.639,10.638,10.609000000000002
2026-01-14 13:20:00,10.52,10.52,10.52,10.51,1034.0,1086980.0,10.638,10.6342,10.608999999999998
2026-01-14 13:21:00,10.52,10.53,10.54,10.51,1009.0,1061778.0,10.638,10.6306,10.60895
2026-01-14 13:22:00,10.53,10.51,10.53,10.5,2104.0,2211960.0,10.637,10.626600000000002,10.60885
2026-01-14 13:23:00,10.51,10.49,10.5,10.48,1424.0,1494502.0,10.636,10.622,10.6087
2026-01-14 13:24:00,10.49,10.48,10.5,10.47,1619.0,1696907.0,10.636,10.616800000000001,10.608400000000001
2026-01-14 13:25:00,10.48,10.5,10.5,10.48,584.0,612678.0,10.635,10.612400000000001,10.608200000000002
2026-01-14 13:26:00,10.5,10.5,10.52,10.49,2270.0,2385969.0,10.634,10.6078,10.60805
2026-01-14 13:27:00,10.5,10.54,10.54,10.51,3514.0,3699004.0,10.633,10.604000000000001,10.60815
2026-01-14 13:28:00,10.54,10.56,10.56,10.53,2131.0,2247535.0,10.633,10.6006,10.60835
2026-01-14 13:29:00,10.56,10.59,10.59,10.55,1757.0,1857200.0,10.632,10.597999999999999,10.60875
2026-01-14 13:30:00,10.59,10.58,10.59,10.57,2913.0,3082441.0,10.632,10.5954,10.60905
2026-01-14 13:31:00,10.58,10.57,10.59,10.57,1654.0,1750720.0,10.631,10.5926,10.609299999999998
2026-01-14 13:32:00,10.57,10.56,10.58,10.56,2600.0,2749279.0,10.631,10.59,10.609499999999999
2026-01-14 13:33:00,10.56,10.57,10.59,10.56,2977.0,3148919.0,10.63,10.5876,10.609749999999998
2026-01-14 13:34:00,10.57,10.61,10.61,10.59,1563.0,1655866.0,10.63,10.585799999999999,10.610199999999999
2026-01-14 13:35:00,10.61,10.59,10.63,10.59,4303.0,4566812.0,10.63,10.583799999999998,10.6106
2026-01-14 13:36:00,10.59,10.58,10.59,10.57,1734.0,1833945.0,10.63,10.581800000000001,10.61095
2026-01-14 13:37:00,10.58,10.58,10.59,10.58,554.0,586123.0,10.63,10.5798,10.61115
2026-01-14 13:38:00,10.58,10.57,10.59,10.57,918.0,970987.0,10.63,10.5776,10.61135
2026-01-14 13:39:00,10.57,10.58,10.58,10.56,995.0,1051773.0,10.629,10.5756,10.611600000000001
2026-01-14 13:40:00,10.58,10.61,10.62,10.59,2703.0,2865251.0,10.629,10.574199999999998,10.611849999999999
2026-01-14 13:41:00,10.61,10.61,10.61,10.6,886.0,939687.0,10.629,10.573,10.61215
2026-01-14 13:42:00,10.61,10.62,10.63,10.6,1148.0,1218736.0,10.629,10.572000000000001,10.612549999999999
2026-01-14 13:43:00,10.62,10.62,10.63,10.62,1184.0,1257479.0,10.629,10.5712,10.613000000000001
2026-01-14 13:44:00,10.62,10.6,10.63,10.6,1421.0,1508081.0,10.629,10.57,10.613300000000002
2026-01-14 13:45:00,10.6,10.62,10.63,10.6,606.0,642993.0,10.629,10.569,10.61385
2026-01-14 13:46:00,10.62,10.64,10.64,10.62,886.0,942291.0,10.629,10.568399999999999,10.614700000000001
2026-01-14 13:47:00,10.64,10.63,10.65,10.63,908.0,965971.0,10.629,10.5676,10.61555
2026-01-14 13:48:00,10.63,10.65,10.65,10.63,1375.0,1463332.0,10.629,10.5672,10.61655
2026-01-14 13:49:00,10.65,10.64,10.65,10.64,1138.0,1211197.0,10.629,10.5666,10.617449999999998
2026-01-14 13:50:00,10.64,10.61,10.63,10.61,373.0,396144.0,10.629,10.565199999999999,10.61815
2026-01-14 13:51:00,10.61,10.6,10.62,10.6,796.0,844554.0,10.629,10.563799999999999,10.618699999999999
2026-01-14 13:52:00,10.6,10.62,10.63,10.6,1879.0,1993686.0,10.629,10.564400000000001,10.6194
2026-01-14 13:53:00,10.62,10.62,10.63,10.61,452.0,479898.0,10.629,10.565199999999999,10.6201
2026-01-14 13:54:00,10.62,10.6,10.62,10.6,822.0,871882.0,10.629,10.566200000000002,10.620650000000001
2026-01-14 13:55:00,10.6,10.59,10.61,10.59,582.0,616913.0,10.629,10.566199999999998,10.621199999999998
2026-01-14 13:56:00,10.59,10.57,10.61,10.56,1962.0,2077315.0,10.628,10.565999999999999,10.621649999999999
2026-01-14 13:57:00,10.57,10.57,10.57,10.56,1090.0,1151491.0,10.628,10.566200000000002,10.6221
2026-01-14 13:58:00,10.57,10.54,10.56,10.53,2079.0,2193159.0,10.628,10.566400000000002,10.6224
2026-01-14 13:59:00,10.54,10.52,10.54,10.52,1789.0,1884688.0,10.627,10.565999999999999,10.62255
2026-01-14 14:00:00,10.52,10.52,10.53,10.51,1141.0,1199843.0,10.627,10.5656,10.622750000000002
2026-01-14 14:01:00,10.52,10.5,10.52,10.49,1996.0,2096939.0,10.626,10.5646,10.6229
2026-01-14 14:02:00,10.5,10.52,10.52,10.49,2608.0,2735660.0,10.625,10.563999999999998,10.62315
2026-01-14 14:03:00,10.52,10.52,10.53,10.5,4768.0,5010862.0,10.624,10.563600000000001,10.62335
2026-01-14 14:04:00,10.52,10.53,10.53,10.52,799.0,841133.0,10.624,10.563600000000001,10.62365
2026-01-14 14:05:00,10.53,10.52,10.53,10.52,1884.0,1982300.0,10.623,10.564,10.62385
2026-01-14 14:06:00,10.52,10.51,10.53,10.5,1324.0,1391037.0,10.623,10.5646,10.6241
2026-01-14 14:07:00,10.51,10.49,10.51,10.49,904.0,948623.0,10.622,10.564400000000001,10.62425
2026-01-14 14:08:00,10.49,10.47,10.49,10.47,1941.0,2034886.0,10.622,10.5638,10.6243
2026-01-14 14:09:00,10.47,10.5,10.51,10.48,1256.0,1317696.0,10.621,10.563400000000001,10.62445
2026-01-14 14:10:00,10.5,10.51,10.51,10.49,635.0,667049.0,10.621,10.5632,10.624649999999999
2026-01-14 14:11:00,10.51,10.54,10.54,10.51,1305.0,1373289.0,10.621,10.5634,10.625050000000002
2026-01-14 14:12:00,10.54,10.57,10.57,10.54,833.0,878996.0,10.62,10.5646,10.625499999999999
2026-01-14 14:13:00,10.57,10.57,10.58,10.56,949.0,1002848.0,10.62,10.566199999999998,10.62595
2026-01-14 14:14:00,10.57,10.56,10.57,10.55,896.0,946267.0,10.62,10.5678,10.6263
2026-01-14 14:15:00,10.56,10.55,10.57,10.55,510.0,538376.0,10.62,10.5688,10.626600000000002
2026-01-14 14:16:00,10.55,10.55,10.56,10.55,678.0,715568.0,10.62,10.5698,10.626949999999999
2026-01-14 14:17:00,10.55,10.54,10.55,10.54,170.0,179343.0,10.62,10.5698,10.627249999999998
2026-01-14 14:18:00,10.54,10.55,10.56,10.54,800.0,844031.0,10.62,10.569600000000001,10.6276
2026-01-14 14:19:00,10.55,10.53,10.55,10.53,1477.0,1557179.0,10.619,10.568399999999999,10.627749999999999
2026-01-14 14:20:00,10.53,10.54,10.54,10.53,1075.0,1132353.0,10.619,10.5676,10.627699999999999
2026-01-14 14:21:00,10.54,10.52,10.53,10.52,538.0,566119.0,10.619,10.566600000000001,10.62735
2026-01-14 14:22:00,10.52,10.53,10.53,10.52,346.0,364095.0,10.619,10.565999999999999,10.626900000000001
2026-01-14 14:23:00,10.53,10.52,10.53,10.52,514.0,540752.0,10.619,10.565,10.62685
2026-01-14 14:24:00,10.52,10.53,10.53,10.51,960.0,1010307.0,10.619,10.563400000000001,10.626850000000001
2026-01-14 14:25:00,10.53,10.54,10.54,10.53,376.0,395974.0,10.619,10.5624,10.6271
2026-01-14 14:26:00,10.54,10.57,10.57,10.54,1710.0,1803750.0,10.618,10.562199999999997,10.6274
2026-01-14 14:27:00,10.57,10.56,10.57,10.55,1358.0,1434153.0,10.618,10.5618,10.627299999999998
2026-01-14 14:28:00,10.56,10.57,10.57,10.55,1406.0,1485196.0,10.618,10.561799999999998,10.6273
2026-01-14 14:29:00,10.57,10.57,10.57,10.56,861.0,910052.0,10.618,10.5616,10.627450000000001
2026-01-14 14:30:00,10.57,10.57,10.57,10.56,332.0,350819.0,10.618,10.560800000000002,10.6276
2026-01-14 14:31:00,10.57,10.57,10.58,10.56,878.0,928154.0,10.618,10.56,10.6279
2026-01-14 14:32:00,10.57,10.56,10.57,10.56,1748.0,1845997.0,10.617,10.558800000000002,10.62805
2026-01-14 14:33:00,10.56,10.54,10.57,10.54,1302.0,1373644.0,10.617,10.5572,10.6281
2026-01-14 14:34:00,10.54,10.54,10.55,10.54,437.0,460951.0,10.617,10.556,10.6279
2026-01-14 14:35:00,10.54,10.54,10.55,10.54,363.0,382812.0,10.617,10.554400000000001,10.627699999999999
2026-01-14 14:36:00,10.54,10.53,10.54,10.53,1522.0,1604041.0,10.617,10.552200000000001,10.6274
2026-01-14 14:37:00,10.53,10.51,10.54,10.51,1656.0,1742658.0,10.616,10.5498,10.62675
2026-01-14 14:38:00,10.51,10.53,10.54,10.52,1101.0,1159185.0,10.616,10.5474,10.626199999999999
2026-01-14 14:39:00,10.53,10.52,10.54,10.52,929.0,977850.0,10.616,10.545,10.62555
2026-01-14 14:40:00,10.52,10.54,10.54,10.52,1146.0,1206691.0,10.616,10.543600000000001,10.6249
2026-01-14 14:41:00,10.54,10.54,10.54,10.53,1177.0,1240505.0,10.615,10.5424,10.62435
2026-01-14 14:42:00,10.54,10.54,10.55,10.53,725.0,764233.0,10.615,10.540799999999999,10.62375
2026-01-14 14:43:00,10.54,10.55,10.55,10.54,868.0,915290.0,10.615,10.5394,10.623099999999999
2026-01-14 14:44:00,10.55,10.54,10.55,10.54,1717.0,1810066.0,10.615,10.5382,10.622349999999999
2026-01-14 14:45:00,10.54,10.54,10.55,10.53,836.0,881186.0,10.615,10.5372,10.62145
2026-01-14 14:46:00,10.54,10.54,10.55,10.53,997.0,1050910.0,10.614,10.5366,10.6206
2026-01-14 14:47:00,10.54,10.54,10.54,10.53,1991.0,2097960.0,10.614,10.536,10.6196
2026-01-14 14:48:00,10.54,10.53,10.54,10.53,1057.0,1113827.0,10.614,10.5358,10.6187
2026-01-14 14:49:00,10.53,10.52,10.54,10.52,1108.0,1166713.0,10.614,10.5358,10.6175
2026-01-14 14:50:00,10.52,10.53,10.53,10.52,606.0,637914.0,10.613,10.536000000000001,10.61645
2026-01-14 14:51:00,10.53,10.54,10.54,10.52,1563.0,1645549.0,10.613,10.536800000000001,10.615599999999999
2026-01-14 14:52:00,10.54,10.54,10.55,10.53,2158.0,2273639.0,10.613,10.5372,10.6148
2026-01-14 14:53:00,10.54,10.53,10.55,10.53,1837.0,1936520.0,10.612,10.537399999999998,10.6141
2026-01-14 14:54:00,10.53,10.53,10.54,10.53,2185.0,2301773.0,10.612,10.5374,10.6132
2026-01-14 14:55:00,10.53,10.54,10.54,10.53,1211.0,1275667.0,10.612,10.537799999999999,10.61245
2026-01-14 14:56:00,10.54,10.54,10.54,10.53,1283.0,1351894.0,10.612,10.5384,10.611749999999999
2026-01-14 14:57:00,10.54,10.56,10.56,10.53,4268.0,4499144.0,10.611,10.5398,10.61115
2026-01-14 14:58:00,10.56,10.55,10.55,10.55,10.0,10550.0,10.611,10.5414,10.61055
2026-01-14 14:59:00,10.55,10.55,10.55,10.55,0.0,0.0,10.611,10.5424,10.61
2026-01-14 15:00:00,10.55,10.55,10.55,10.55,1540.0,1624700.0,10.611,10.543199999999999,10.609450000000002
2026-01-15 09:30:00,10.51,10.51,10.51,10.51,1063.0,1117213.0,10.51,10.5426,10.60875
2026-01-15 09:31:00,10.5,10.48,10.52,10.42,5500.0,5758205.0,10.476,10.540799999999999,10.6078
2026-01-15 09:32:00,10.46,10.47,10.49,10.43,9449.0,9867930.0,10.457,10.538800000000002,10.606750000000002
2026-01-15 09:33:00,10.48,10.55,10.55,10.48,11158.0,11725838.0,10.478,10.538599999999999,10.60615
2026-01-15 09:34:00,10.56,10.63,10.65,10.56,4181.0,4438898.0,10.497,10.5402,10.605899999999998
2026-01-15 09:35:00,10.61,10.66,10.72,10.61,10374.0,11062892.0,10.538,10.542399999999997,10.605849999999998
2026-01-15 09:36:00,10.64,10.61,10.65,10.6,2106.0,2240010.0,10.543,10.5438,10.605450000000001
2026-01-15 09:37:00,10.61,10.6,10.62,10.59,2444.0,2590140.0,10.546,10.5448,10.605
2026-01-15 09:38:00,10.6,10.55,10.6,10.55,1454.0,1539619.0,10.547,10.5452,10.60435
2026-01-15 09:39:00,10.54,10.57,10.57,10.54,1985.0,2094989.0,10.548,10.5458,10.603800000000001
2026-01-15 09:40:00,10.57,10.69,10.7,10.57,6897.0,7352932.0,10.561,10.5492,10.6038
2026-01-15 09:41:00,10.68,10.71,10.72,10.67,6517.0,6971789.0,10.575,10.5528,10.60385
2026-01-15 09:42:00,10.71,10.73,10.74,10.68,6039.0,6468025.0,10.587,10.557,10.604
2026-01-15 09:43:00,10.72,10.72,10.75,10.71,4821.0,5170808.0,10.596,10.560799999999999,10.60395
2026-01-15 09:44:00,10.72,10.69,10.72,10.69,1724.0,1845546.0,10.599,10.563799999999999,10.603700000000002
2026-01-15 09:45:00,10.72,10.74,10.74,10.71,4230.0,4538178.0,10.606,10.5672,10.60375
2026-01-15 09:46:00,10.74,10.79,10.8,10.74,9437.0,10165157.0,10.623,10.571800000000001,10.604099999999999
2026-01-15 09:47:00,10.79,10.78,10.8,10.78,4069.0,4392224.0,10.631,10.576,10.604350000000002
2026-01-15 09:48:00,10.79,10.79,10.8,10.78,1700.0,1834105.0,10.633,10.5804,10.604700000000001
2026-01-15 09:49:00,10.78,10.83,10.83,10.78,5774.0,6238085.0,10.643,10.5856,10.605350000000001
2026-01-15 09:50:00,10.82,10.79,10.82,10.78,4065.0,4390247.0,10.649,10.59,10.605899999999998
2026-01-15 09:51:00,10.79,10.79,10.8,10.77,2245.0,2421283.0,10.652,10.594599999999998,10.606499999999999
2026-01-15 09:52:00,10.78,10.79,10.8,10.77,2418.0,2608807.0,10.655,10.5996,10.60705
2026-01-15 09:53:00,10.8,10.78,10.84,10.78,3237.0,3498893.0,10.66,10.6044,10.6075
2026-01-15 09:54:00,10.79,10.79,10.8,10.77,1415.0,1526287.0,10.661,10.609399999999999,10.60795
2026-01-15 09:55:00,10.79,10.78,10.79,10.77,2136.0,2302906.0,10.663,10.614399999999998,10.6085
2026-01-15 09:56:00,10.78,10.8,10.81,10.78,2635.0,2844333.0,10.666,10.6202,10.609100000000002
2026-01-15 09:57:00,10.8,10.78,10.82,10.78,1976.0,2136149.0,10.669,10.6252,10.6096
2026-01-15 09:58:00,10.78,10.74,10.78,10.74,1377.0,1481172.0,10.67,10.6296,10.60995
2026-01-15 09:59:00,10.74,10.76,10.76,10.74,1640.0,1763004.0,10.671,10.633999999999999,10.610400000000002
2026-01-15 10:00:00,10.77,10.77,10.8,10.76,2138.0,2302659.0,10.672,10.638599999999999,10.610850000000001
2026-01-15 10:01:00,10.75,10.75,10.76,10.74,1160.0,1247453.0,10.673,10.6428,10.61125
2026-01-15 10:02:00,10.76,10.79,10.79,10.76,686.0,738689.0,10.674,10.6476,10.6118
2026-01-15 10:03:00,10.79,10.77,10.79,10.76,1103.0,1188732.0,10.674,10.6522,10.612050000000002
2026-01-15 10:04:00,10.76,10.78,10.78,10.76,585.0,629743.0,10.675,10.657,10.612400000000001
2026-01-15 10:05:00,10.78,10.75,10.78,10.75,950.0,1022050.0,10.675,10.6612,10.612549999999999
2026-01-15 10:06:00,10.74,10.75,10.75,10.74,596.0,640319.0,10.676,10.6654,10.6127
2026-01-15 10:07:00,10.75,10.74,10.75,10.73,1449.0,1557102.0,10.677,10.6696,10.612850000000002
2026-01-15 10:08:00,10.73,10.75,10.75,10.73,1840.0,1975919.0,10.677,10.6742,10.6131
2026-01-15 10:09:00,10.75,10.78,10.78,10.75,1170.0,1259233.0,10.678,10.679199999999998,10.61345
2026-01-15 10:10:00,10.78,10.74,10.78,10.74,2143.0,2304572.0,10.679,10.6832,10.61365
2026-01-15 10:11:00,10.74,10.77,10.77,10.74,689.0,741157.0,10.68,10.6878,10.613900000000001
2026-01-15 10:12:00,10.76,10.76,10.77,10.76,753.0,810688.0,10.68,10.6924,10.61415
2026-01-15 10:13:00,10.76,10.76,10.76,10.75,761.0,817935.0,10.681,10.696999999999997,10.61445
2026-01-15 10:14:00,10.76,10.74,10.76,10.74,851.0,914821.0,10.681,10.700999999999999,10.614499999999998
2026-01-15 10:15:00,10.75,10.73,10.75,10.73,1067.0,1145688.0,10.681,10.7048,10.61455
2026-01-15 10:16:00,10.73,10.75,10.75,10.73,1197.0,1286137.0,10.682,10.708599999999999,10.614700000000001
2026-01-15 10:17:00,10.75,10.76,10.76,10.75,388.0,417387.0,10.682,10.7128,10.61495
2026-01-15 10:18:00,10.75,10.75,10.76,10.73,567.0,609126.0,10.682,10.7168,10.615150000000002
2026-01-15 10:19:00,10.75,10.75,10.75,10.74,263.0,282639.0,10.682,10.720799999999999,10.615350000000001
2026-01-15 10:20:00,10.75,10.74,10.75,10.74,641.0,688792.0,10.683,10.7254,10.615499999999999
2026-01-15 10:21:00,10.74,10.75,10.75,10.73,972.0,1043746.0,10.683,10.730799999999999,10.615699999999999
2026-01-15 10:22:00,10.74,10.74,10.75,10.73,263.0,282457.0,10.683,10.736199999999998,10.6158
2026-01-15 10:23:00,10.74,10.71,10.74,10.71,1489.0,1596502.0,10.684,10.7394,10.61565
2026-01-15 10:24:00,10.71,10.72,10.72,10.71,737.0,789706.0,10.684,10.7412,10.61565
2026-01-15 10:25:00,10.71,10.7,10.71,10.7,1684.0,1802729.0,10.684,10.742,10.615500000000003
2026-01-15 10:26:00,10.7,10.7,10.71,10.7,786.0,841125.0,10.684,10.7438,10.615350000000001
2026-01-15 10:27:00,10.69,10.7,10.7,10.69,367.0,392361.0,10.684,10.7458,10.6152
2026-01-15 10:28:00,10.7,10.71,10.72,10.7,1317.0,1410219.0,10.684,10.749,10.615149999999998
2026-01-15 10:29:00,10.72,10.72,10.72,10.71,963.0,1032051.0,10.685,10.752,10.6152
2026-01-15 10:30:00,10.71,10.71,10.72,10.71,293.0,313833.0,10.685,10.752399999999998,10.6152
2026-01-15 10:31:00,10.72,10.72,10.72,10.71,849.0,909516.0,10.685,10.7526,10.615350000000001
2026-01-15 10:32:00,10.72,10.72,10.73,10.72,524.0,561934.0,10.685,10.7524,10.615499999999999
2026-01-15 10:33:00,10.73,10.73,10.74,10.72,896.0,961421.0,10.685,10.7526,10.615649999999999
2026-01-15 10:34:00,10.74,10.73,10.74,10.72,534.0,573007.0,10.685,10.753400000000001,10.615849999999998
2026-01-15 10:35:00,10.73,10.74,10.74,10.73,847.0,909347.0,10.686,10.753400000000001,10.61615
2026-01-15 10:36:00,10.73,10.71,10.74,10.71,619.0,663793.0,10.686,10.751799999999998,10.6163
2026-01-15 10:37:00,10.72,10.71,10.72,10.71,429.0,459844.0,10.686,10.750399999999999,10.61645
2026-01-15 10:38:00,10.71,10.71,10.72,10.71,189.0,202467.0,10.686,10.748800000000001,10.6166
2026-01-15 10:39:00,10.72,10.7,10.72,10.7,882.0,944395.0,10.686,10.746199999999998,10.616700000000002
2026-01-15 10:40:00,10.7,10.7,10.71,10.7,622.0,665547.0,10.686,10.7444,10.61685
2026-01-15 10:41:00,10.71,10.7,10.71,10.7,284.0,303903.0,10.686,10.7426,10.617
2026-01-15 10:42:00,10.7,10.7,10.71,10.7,281.0,300844.0,10.686,10.7408,10.6172
2026-01-15 10:43:00,10.7,10.7,10.71,10.69,1072.0,1147146.0,10.686,10.7392,10.6174
2026-01-15 10:44:00,10.7,10.7,10.71,10.7,166.0,177632.0,10.686,10.737400000000001,10.61755
2026-01-15 10:45:00,10.7,10.7,10.71,10.69,454.0,485611.0,10.686,10.735800000000001,10.6177
2026-01-15 10:46:00,10.71,10.7,10.71,10.7,43.0,46021.0,10.686,10.733799999999999,10.61785
2026-01-15 10:47:00,10.7,10.7,10.71,10.7,237.0,253667.0,10.686,10.7322,10.618
2026-01-15 10:48:00,10.7,10.7,10.71,10.7,442.0,472944.0,10.686,10.7314,10.61815
2026-01-15 10:49:00,10.7,10.7,10.7,10.7,61.0,65270.0,10.686,10.7302,10.61825
2026-01-15 10:50:00,10.7,10.72,10.72,10.7,1053.0,1127745.0,10.686,10.7292,10.6185
2026-01-15 10:51:00,10.72,10.72,10.73,10.71,321.0,344082.0,10.686,10.728600000000002,10.61915
2026-01-15 10:52:00,10.72,10.72,10.72,10.72,596.0,638901.0,10.687,10.727199999999998,10.61985
2026-01-15 10:53:00,10.73,10.71,10.73,10.7,1627.0,1742310.0,10.687,10.725999999999999,10.620649999999998
2026-01-15 10:54:00,10.71,10.71,10.72,10.7,465.0,498023.0,10.687,10.7246,10.62125
2026-01-15 10:55:00,10.71,10.7,10.72,10.7,404.0,432683.0,10.687,10.7236,10.621850000000002
2026-01-15 10:56:00,10.7,10.71,10.71,10.7,287.0,307237.0,10.687,10.7228,10.6226
2026-01-15 10:57:00,10.71,10.7,10.71,10.7,672.0,719286.0,10.687,10.722000000000001,10.62345
2026-01-15 10:58:00,10.7,10.7,10.71,10.7,319.0,341408.0,10.687,10.720999999999998,10.62425
2026-01-15 10:59:00,10.7,10.69,10.7,10.69,482.0,515459.0,10.687,10.7192,10.625
2026-01-15 11:00:00,10.69,10.68,10.7,10.68,1388.0,1483747.0,10.687,10.718,10.62565
2026-01-15 11:01:00,10.68,10.69,10.7,10.68,242.0,258679.0,10.687,10.7164,10.62635
2026-01-15 11:02:00,10.69,10.69,10.69,10.68,1128.0,1205664.0,10.687,10.715,10.627099999999999
2026-01-15 11:03:00,10.69,10.7,10.7,10.68,405.0,433077.0,10.687,10.7138,10.62795
2026-01-15 11:04:00,10.69,10.7,10.7,10.69,1402.0,1499064.0,10.687,10.713,10.62895
2026-01-15 11:05:00,10.69,10.7,10.71,10.69,532.0,569219.0,10.687,10.7124,10.63005
2026-01-15 11:06:00,10.7,10.7,10.71,10.7,267.0,285723.0,10.687,10.711400000000001,10.63105
2026-01-15 11:07:00,10.7,10.7,10.71,10.7,302.0,323190.0,10.687,10.7102,10.63205
2026-01-15 11:08:00,10.7,10.69,10.7,10.69,410.0,438561.0,10.687,10.709000000000001,10.6329
2026-01-15 11:09:00,10.7,10.71,10.71,10.69,1111.0,1188705.0,10.687,10.7082,10.63385
2026-01-15 11:10:00,10.71,10.7,10.71,10.7,430.0,460305.0,10.687,10.7074,10.6347
2026-01-15 11:11:00,10.7,10.7,10.71,10.7,162.0,173355.0,10.687,10.7064,10.63565
2026-01-15 11:12:00,10.71,10.7,10.71,10.69,534.0,571321.0,10.687,10.705599999999999,10.636699999999998
2026-01-15 11:13:00,10.69,10.7,10.71,10.69,563.0,602604.0,10.687,10.7054,10.6378
2026-01-15 11:14:00,10.7,10.68,10.71,10.68,2228.0,2382778.0,10.688,10.704599999999997,10.638699999999998
2026-01-15 11:15:00,10.68,10.68,10.69,10.68,503.0,537212.0,10.688,10.7042,10.639599999999998
2026-01-15 11:16:00,10.67,10.67,10.68,10.67,607.0,647872.0,10.688,10.7036,10.640249999999998
2026-01-15 11:17:00,10.67,10.67,10.68,10.67,193.0,205969.0,10.687,10.703,10.640799999999999
2026-01-15 11:18:00,10.67,10.67,10.67,10.67,368.0,392656.0,10.687,10.7022,10.6412
2026-01-15 11:19:00,10.67,10.67,10.67,10.66,593.0,632483.0,10.687,10.701199999999998,10.64165
2026-01-15 11:20:00,10.67,10.68,10.68,10.66,685.0,730975.0,10.687,10.700600000000001,10.6422
2026-01-15 11:21:00,10.68,10.68,10.68,10.67,649.0,693086.0,10.687,10.6998,10.642800000000001
2026-01-15 11:22:00,10.68,10.68,10.68,10.67,107.0,114258.0,10.687,10.698999999999998,10.64335
2026-01-15 11:23:00,10.68,10.67,10.68,10.66,474.0,505890.0,10.687,10.697799999999999,10.643650000000001
2026-01-15 11:24:00,10.67,10.65,10.67,10.65,1833.0,1953303.0,10.687,10.6962,10.643950000000002
2026-01-15 11:25:00,10.65,10.63,10.65,10.63,717.0,762675.0,10.687,10.693999999999999,10.644199999999998
2026-01-15 11:26:00,10.63,10.62,10.64,10.62,543.0,577112.0,10.687,10.6922,10.644400000000001
2026-01-15 11:27:00,10.62,10.63,10.63,10.62,882.0,936953.0,10.686,10.6906,10.6447
2026-01-15 11:28:00,10.63,10.63,10.63,10.63,117.0,124371.0,10.686,10.688999999999998,10.64495
2026-01-15 11:29:00,10.63,10.63,10.64,10.62,292.0,310321.0,10.686,10.6876,10.645050000000001
2026-01-15 11:30:00,10.64,10.63,10.64,10.63,349.0,371234.0,10.686,10.6862,10.645150000000001
2026-01-15 13:01:00,10.64,10.61,10.64,10.6,1904.0,2022210.0,10.685,10.6844,10.6451
2026-01-15 13:02:00,10.59,10.59,10.59,10.58,2057.0,2179186.0,10.684,10.6822,10.64495
2026-01-15 13:03:00,10.59,10.58,10.59,10.58,267.0,282542.0,10.684,10.679799999999998,10.644849999999998
2026-01-15 13:04:00,10.58,10.58,10.59,10.58,766.0,810856.0,10.684,10.6774,10.644649999999999
2026-01-15 13:05:00,10.58,10.58,10.58,10.57,656.0,694064.0,10.684,10.675,10.64435
2026-01-15 13:06:00,10.58,10.58,10.59,10.57,341.0,360669.0,10.683,10.6726,10.644100000000002
2026-01-15 13:07:00,10.59,10.6,10.6,10.59,718.0,760758.0,10.683,10.6706,10.64385
2026-01-15 13:08:00,10.6,10.58,10.6,10.58,490.0,518929.0,10.683,10.668199999999999,10.64355
2026-01-15 13:09:00,10.58,10.58,10.59,10.58,212.0,224363.0,10.683,10.665799999999999,10.6434
2026-01-15 13:10:00,10.58,10.59,10.59,10.58,206.0,218013.0,10.683,10.6632,10.64335
2026-01-15 13:11:00,10.58,10.59,10.59,10.57,1163.0,1230330.0,10.682,10.660599999999999,10.6432
2026-01-15 13:12:00,10.58,10.58,10.59,10.58,590.0,624206.0,10.682,10.657800000000002,10.643000000000002
2026-01-15 13:13:00,10.59,10.6,10.6,10.58,1940.0,2052271.0,10.681,10.6556,10.642999999999999
2026-01-15 13:14:00,10.59,10.6,10.6,10.59,431.0,456679.0,10.681,10.6534,10.64305
2026-01-15 13:15:00,10.59,10.58,10.6,10.58,297.0,314504.0,10.68,10.651000000000002,10.643099999999999
2026-01-15 13:16:00,10.58,10.58,10.59,10.58,652.0,690081.0,10.68,10.648399999999999,10.643149999999999
2026-01-15 13:17:00,10.59,10.59,10.59,10.58,914.0,967904.0,10.68,10.646199999999999,10.6434
2026-01-15 13:18:00,10.59,10.59,10.59,10.58,74.0,78349.0,10.68,10.644,10.64375
2026-01-15 13:19:00,10.59,10.58,10.59,10.57,844.0,893014.0,10.679,10.641799999999998,10.64405
2026-01-15 13:20:00,10.58,10.57,10.58,10.57,824.0,870983.0,10.679,10.6396,10.644400000000001
2026-01-15 13:21:00,10.57,10.58,10.58,10.56,492.0,519969.0,10.679,10.6374,10.6447
2026-01-15 13:22:00,10.58,10.59,10.59,10.57,399.0,422143.0,10.678,10.635399999999999,10.64505
2026-01-15 13:23:00,10.59,10.58,10.59,10.58,372.0,393688.0,10.678,10.633,10.645300000000002
2026-01-15 13:24:00,10.58,10.59,10.59,10.58,146.0,154591.0,10.678,10.6308,10.64565
2026-01-15 13:25:00,10.59,10.58,10.59,10.57,698.0,738455.0,10.678,10.6284,10.645999999999999
2026-01-15 13:26:00,10.57,10.58,10.58,10.57,139.0,147000.0,10.678,10.626,10.646450000000002
2026-01-15 13:27:00,10.57,10.57,10.58,10.57,954.0,1008440.0,10.677,10.623400000000002,10.646949999999999
2026-01-15 13:28:00,10.57,10.58,10.58,10.57,598.0,632576.0,10.677,10.621199999999998,10.64735
2026-01-15 13:29:00,10.58,10.57,10.59,10.57,511.0,540961.0,10.677,10.618400000000001,10.64765
2026-01-15 13:30:00,10.58,10.57,10.58,10.57,107.0,113161.0,10.677,10.6158,10.6478
2026-01-15 13:31:00,10.58,10.6,10.6,10.58,1368.0,1447659.0,10.676,10.6138,10.647950000000002
2026-01-15 13:32:00,10.6,10.6,10.61,10.6,640.0,678416.0,10.676,10.6118,10.6481
2026-01-15 13:33:00,10.6,10.59,10.6,10.59,641.0,678838.0,10.676,10.6096,10.64825
2026-01-15 13:34:00,10.59,10.58,10.59,10.58,313.0,331419.0,10.675,10.6076,10.648399999999999
2026-01-15 13:35:00,10.58,10.58,10.58,10.57,504.0,533228.0,10.675,10.605599999999999,10.64855
2026-01-15 13:36:00,10.58,10.57,10.58,10.57,994.0,1051378.0,10.675,10.603600000000002,10.648700000000002
2026-01-15 13:37:00,10.57,10.56,10.58,10.55,3347.0,3536223.0,10.673,10.601400000000002,10.64875
2026-01-15 13:38:00,10.55,10.56,10.56,10.55,589.0,621784.0,10.673,10.599199999999998,10.648900000000001
2026-01-15 13:39:00,10.56,10.56,10.56,10.55,684.0,722090.0,10.672,10.597000000000001,10.649000000000001
2026-01-15 13:40:00,10.56,10.55,10.56,10.55,362.0,381995.0,10.672,10.594399999999998,10.649150000000002
2026-01-15 13:41:00,10.56,10.56,10.56,10.55,401.0,423349.0,10.672,10.592,10.6493
2026-01-15 13:42:00,10.56,10.56,10.56,10.55,367.0,387386.0,10.672,10.5896,10.6495
2026-01-15 13:43:00,10.55,10.56,10.56,10.55,151.0,159390.0,10.672,10.5874,10.64965
2026-01-15 13:44:00,10.56,10.56,10.56,10.55,465.0,490889.0,10.671,10.5856,10.64975
2026-01-15 13:45:00,10.56,10.56,10.57,10.56,965.0,1019070.0,10.671,10.584200000000001,10.649700000000001
2026-01-15 13:46:00,10.56,10.58,10.58,10.56,1966.0,2078197.0,10.67,10.5834,10.6498
2026-01-15 13:47:00,10.57,10.58,10.58,10.57,453.0,479226.0,10.67,10.5824,10.64985
2026-01-15 13:48:00,10.57,10.59,10.59,10.57,816.0,863710.0,10.67,10.581600000000002,10.649949999999999
2026-01-15 13:49:00,10.59,10.6,10.6,10.59,626.0,663393.0,10.669,10.581000000000001,10.6501
2026-01-15 13:50:00,10.6,10.6,10.6,10.59,175.0,185478.0,10.669,10.5804,10.650250000000002
2026-01-15 13:51:00,10.6,10.6,10.6,10.59,940.0,996371.0,10.669,10.5802,10.650450000000001
2026-01-15 13:52:00,10.6,10.61,10.61,10.6,492.0,521993.0,10.669,10.580599999999999,10.650800000000002
2026-01-15 13:53:00,10.6,10.6,10.61,10.6,410.0,434940.0,10.669,10.581000000000001,10.651100000000001
2026-01-15 13:54:00,10.6,10.64,10.64,10.6,1275.0,1354454.0,10.669,10.5822,10.6516
2026-01-15 13:55:00,10.64,10.62,10.64,10.62,1145.0,1217264.0,10.668,10.583,10.65205
2026-01-15 13:56:00,10.63,10.64,10.64,10.62,763.0,811421.0,10.668,10.584200000000001,10.652700000000003
2026-01-15 13:57:00,10.63,10.63,10.64,10.62,383.0,407192.0,10.668,10.5848,10.6532
2026-01-15 13:58:00,10.62,10.65,10.65,10.62,527.0,560585.0,10.668,10.586199999999998,10.65385
2026-01-15 13:59:00,10.64,10.63,10.64,10.63,308.0,327608.0,10.668,10.587200000000001,10.654300000000001
2026-01-15 14:00:00,10.63,10.63,10.64,10.63,847.0,900442.0,10.668,10.588,10.654750000000002
2026-01-15 14:01:00,10.63,10.63,10.64,10.63,652.0,693338.0,10.668,10.588799999999999,10.6552
2026-01-15 14:02:00,10.63,10.62,10.63,10.61,942.0,1000408.0,10.668,10.589599999999997,10.65555
2026-01-15 14:03:00,10.62,10.61,10.63,10.61,633.0,672323.0,10.668,10.5898,10.655899999999999
2026-01-15 14:04:00,10.61,10.61,10.61,10.6,258.0,273659.0,10.667,10.59,10.65625
2026-01-15 14:05:00,10.61,10.62,10.62,10.61,592.0,628358.0,10.667,10.5908,10.656649999999999
2026-01-15 14:06:00,10.61,10.61,10.62,10.61,604.0,640933.0,10.667,10.5914,10.657
2026-01-15 14:07:00,10.61,10.62,10.62,10.61,738.0,783418.0,10.667,10.592,10.657449999999999
2026-01-15 14:08:00,10.62,10.62,10.63,10.62,878.0,932729.0,10.667,10.5926,10.657949999999998
2026-01-15 14:09:00,10.63,10.63,10.64,10.62,2218.0,2356822.0,10.667,10.593600000000002,10.65845
2026-01-15 14:10:00,10.63,10.63,10.65,10.63,687.0,730998.0,10.666,10.5948,10.658900000000001
2026-01-15 14:11:00,10.62,10.62,10.63,10.62,1331.0,1414418.0,10.666,10.5956,10.659299999999998
2026-01-15 14:12:00,10.61,10.62,10.63,10.61,860.0,913785.0,10.666,10.596200000000001,10.659749999999999
2026-01-15 14:13:00,10.62,10.63,10.63,10.61,1293.0,1373605.0,10.666,10.5972,10.660249999999998
2026-01-15 14:14:00,10.63,10.62,10.64,10.62,1084.0,1152300.0,10.666,10.5978,10.660649999999999
2026-01-15 14:15:00,10.63,10.63,10.64,10.61,1024.0,1088532.0,10.666,10.5988,10.6611
2026-01-15 14:16:00,10.63,10.63,10.63,10.62,679.0,721724.0,10.665,10.5998,10.66145
2026-01-15 14:17:00,10.63,10.63,10.64,10.63,823.0,875635.0,10.665,10.600999999999999,10.66185
2026-01-15 14:18:00,10.64,10.63,10.64,10.62,1444.0,1535510.0,10.665,10.602,10.662250000000002
2026-01-15 14:19:00,10.63,10.64,10.64,10.63,1239.0,1318213.0,10.665,10.603399999999999,10.6627
2026-01-15 14:20:00,10.64,10.64,10.64,10.63,817.0,869266.0,10.665,10.604800000000001,10.663350000000001
2026-01-15 14:21:00,10.64,10.64,10.64,10.63,1142.0,1214762.0,10.665,10.605599999999999,10.66415
2026-01-15 14:22:00,10.63,10.63,10.64,10.63,996.0,1059493.0,10.665,10.6062,10.66495
2026-01-15 14:23:00,10.63,10.61,10.64,10.61,1042.0,1107235.0,10.665,10.606599999999998,10.66525
2026-01-15 14:24:00,10.62,10.64,10.64,10.62,631.0,670994.0,10.665,10.607800000000003,10.6653
2026-01-15 14:25:00,10.64,10.65,10.65,10.63,994.0,1058060.0,10.664,10.609200000000001,10.66525
2026-01-15 14:26:00,10.65,10.65,10.65,10.64,804.0,856199.0,10.664,10.6108,10.66545
2026-01-15 14:27:00,10.65,10.65,10.65,10.63,1420.0,1511377.0,10.664,10.6126,10.665700000000001
2026-01-15 14:28:00,10.65,10.66,10.66,10.64,2934.0,3126110.0,10.664,10.614600000000001,10.66625
2026-01-15 14:29:00,10.65,10.65,10.66,10.64,1164.0,1239889.0,10.664,10.6164,10.666650000000002
2026-01-15 14:30:00,10.64,10.62,10.64,10.62,1020.0,1084799.0,10.664,10.617800000000003,10.666300000000001
2026-01-15 14:31:00,10.62,10.63,10.64,10.62,1114.0,1184161.0,10.664,10.619200000000001,10.6659
2026-01-15 14:32:00,10.63,10.62,10.64,10.62,1882.0,2000170.0,10.664,10.620400000000002,10.66535
2026-01-15 14:33:00,10.62,10.61,10.62,10.61,957.0,1016024.0,10.663,10.6214,10.6648
2026-01-15 14:34:00,10.62,10.62,10.62,10.61,1193.0,1267025.0,10.663,10.6226,10.664449999999999
2026-01-15 14:35:00,10.62,10.61,10.63,10.61,1039.0,1103506.0,10.663,10.6236,10.663800000000002
2026-01-15 14:36:00,10.61,10.61,10.62,10.6,1555.0,1650750.0,10.663,10.6242,10.6629
2026-01-15 14:37:00,10.61,10.6,10.62,10.6,1862.0,1975740.0,10.662,10.624600000000001,10.661999999999999
2026-01-15 14:38:00,10.6,10.6,10.62,10.6,1089.0,1155240.0,10.662,10.6248,10.66105
2026-01-15 14:39:00,10.6,10.6,10.62,10.6,1005.0,1066321.0,10.662,10.6248,10.6599
2026-01-15 14:40:00,10.62,10.62,10.62,10.61,937.0,994816.0,10.662,10.6252,10.65905
2026-01-15 14:41:00,10.61,10.63,10.63,10.61,868.0,921867.0,10.662,10.625800000000002,10.65825
2026-01-15 14:42:00,10.63,10.64,10.64,10.63,859.0,913794.0,10.662,10.6264,10.6575
2026-01-15 14:43:00,10.64,10.63,10.64,10.62,2238.0,2378959.0,10.661,10.627,10.656749999999999
2026-01-15 14:44:00,10.62,10.61,10.63,10.61,1356.0,1441032.0,10.661,10.6264,10.655850000000001
2026-01-15 14:45:00,10.62,10.63,10.64,10.62,1330.0,1413759.0,10.661,10.626600000000002,10.6551
2026-01-15 14:46:00,10.62,10.63,10.64,10.62,2385.0,2535182.0,10.661,10.6264,10.65425
2026-01-15 14:47:00,10.62,10.64,10.65,10.62,1557.0,1655566.0,10.661,10.626600000000002,10.653549999999997
2026-01-15 14:48:00,10.63,10.62,10.63,10.61,2012.0,2137110.0,10.66,10.626000000000001,10.65295
2026-01-15 14:49:00,10.62,10.63,10.63,10.61,1989.0,2113567.0,10.66,10.626000000000001,10.652299999999999
2026-01-15 14:50:00,10.63,10.62,10.63,10.62,1805.0,1917783.0,10.66,10.625800000000002,10.65155
2026-01-15 14:51:00,10.61,10.64,10.64,10.61,3344.0,3554506.0,10.66,10.626000000000001,10.651
2026-01-15 14:52:00,10.63,10.63,10.64,10.63,4975.0,5294251.0,10.659,10.6262,10.6502
2026-01-15 14:53:00,10.63,10.63,10.64,10.63,955.0,1015307.0,10.659,10.626600000000002,10.649499999999998
2026-01-15 14:54:00,10.63,10.62,10.64,10.62,1768.0,1879449.0,10.659,10.626800000000001,10.648700000000002
2026-01-15 14:55:00,10.63,10.64,10.64,10.63,1016.0,1080160.0,10.659,10.6272,10.648150000000001
2026-01-15 14:56:00,10.63,10.64,10.64,10.63,1682.0,1789060.0,10.659,10.6278,10.6476
2026-01-15 14:57:00,10.64,10.65,10.65,10.64,1794.0,1909372.0,10.659,10.6284,10.64715
2026-01-15 14:58:00,10.65,10.65,10.65,10.65,5.0,5325.0,10.659,10.629000000000001,10.64665
2026-01-15 14:59:00,10.65,10.65,10.65,10.65,0.0,0.0,10.659,10.6294,10.646
2026-01-15 15:00:00,10.66,10.66,10.66,10.66,1675.0,1785550.0,10.659,10.63,10.6456
